"","foldChanges"
"X15",1.18380743982495
"X60",0.919254658385093
"X63",0.885454545454545
"X89",0.86634460547504
"X96",0.934354485776805
"X105",0.749266862170088
"X123",1.10344827586207
"X140",1.5015873015873
"X152",1.13128038897893
"X164",5.03370786516854
"X185",0.813223140495868
"X188",1.00564971751412
"X201",0.903885480572597
"X222",1.32734530938124
"X224",1.57184750733138
"X232",0.950884086444008
"X233",1.47592067988669
"X298",2.00306748466258
"X299",1.18181818181818
"X330",0.81184668989547
"X347",1.2969696969697
"X349",0.417933130699088
"X360",0.81989247311828
"X373",0.908902691511387
"X376",1.5625
"X385",0.816725978647687
"X418",1.46363636363636
"X421",4.05188679245283
"X432",1.03610108303249
"X434",6.5959595959596
"X436",1.25215889464594
"X461",0.760141093474427
"X465",0.917857142857143
"X484",0.90625
"X511",1.13594470046083
"X512",0.662840746054519
"X515",0.508843537414966
"X516",0.92831541218638
"X524",1.3741935483871
"X529",2.5
"X534",1.26061776061776
"X543",0.287792536369386
"X549",0.874285714285714
"X552",1.31116389548694
"X575",1.45588235294118
"X578",1.10315186246418
"X599",1.36455696202532
"X628",0.101149425287356
"X638",1.01978691019787
"X647",1.08638743455497
"X662",0.990825688073394
"X663",0.970534069981584
"X673",1.46244131455399
"X676",1.60393258426966
"X691",1.27239488117002
"X707",0.914600550964187
"X722",1.05400981996727
"X725",2.65753424657534
"X749",0.766062602965404
"X750",0.712121212121212
"X755",1.18997912317328
"X766",0.874074074074074
"X804",1.03312629399586
"X813",0.961474036850921
"X814",0.554226475279107
"X815",2.27567567567568
"X844",1.02508960573477
"X852",0.547380156075808
"X859",0.879569892473118
"X864",1.14747474747475
"X867",0.668789808917197
"X868",0.841046277665996
"X887",0.951219512195122
"X890",1.05097087378641
"X893",0.824847250509165
"X897",1.05314960629921
"X902",0.882591093117409
"X913",3.15609756097561
"X933",1.77741935483871
"X945",1.0916179337232
"X950",48.1
"X968",0.834030683403068
"X969",1.88974358974359
"X989",0.0590361445783133
"X999",0.938411669367909
"X1000",0.358906525573192
"X1012",0.850909090909091
"X1029",1.26515151515152
"X1041",1.44038929440389
"X1056",1.18708240534521
"X1058",1.31542056074766
"X1059",0.304182509505703
"X1060",1.33727810650888
"X1063",0.880804953560371
"X1073",10.1954022988506
"X1075",1.61
"X1077",8.89024390243902
"X1079",1.26051779935275
"X1084",0.486394557823129
"X1088",1.02293577981651
"X1101",4.42231075697211
"X1103",0.878787878787879
"X1113",1.32587412587413
"X1117",0.646666666666667
"X1146",4.7
"X1148",1.0258152173913
"X1151",0.965156794425087
"X1152",0.887473460721868
"X1190",3.69396551724138
"X1201",0.95945945945946
"X1210",1.1322869955157
"X1216",1.00176991150442
"X1236",0.830476190476191
"X1247",0.835236541598695
"X1256",0.652470187393526
"X1267",1.00367647058824
"X1268",1.36206896551724
"X1278",0.720958083832335
"X1279",0.966010733452594
"X1294",0.944123314065511
"X1295",3.296875
"X1299",0.565560821484992
"X1300",0.953321364452424
"X1301",1.15272727272727
"X1302",0.997967479674797
"X1303",1.04621309370988
"X1311",0.990118577075099
"X1314",0.86626746506986
"X1330",0.842007434944238
"X1332",0.893693693693694
"X1338",1.12978369384359
"X1339",3.12173913043478
"X1356",1.62362637362637
"X1377",0.450617283950617
"X1393",1.01984126984127
"X1415",1.68488745980707
"X1424",1.16708229426434
"X1429",1.02995008319468
"X1458",2.13183279742765
"X1465",0.0722057368941642
"X1488",0.205821205821206
"X1489",1.08974358974359
"X1491",0.930926216640502
"X1492",0.890243902439024
"X1499",1.55610972568579
"X1552",0.675560298826041
"X1558",0.859882005899705
"X1564",0.964871194379391
"X1583",0.800618238021638
"X1584",0.531300160513644
"X1586",1.40869565217391
"X1591",1.01410934744268
"X1595",1.66169154228856
"X1596",0.0729483282674772
"X1626",0.678111587982833
"X1627",0.889580093312597
"X1639",1.31750741839763
"X1648",1.45054945054945
"X1657",1.05601659751037
"X1659",1.02173913043478
"X1666",0.634171907756813
"X1672",0.879194630872483
"X1678",0.296987087517934
"X1694",1.30635838150289
"X1701",0.630681818181818
"X1706",0.920542635658915
"X1711",1.35743801652893
"X1715",0.752707581227437
"X1724",0.641592920353982
"X1737",0.886100386100386
"X1743",1.03490759753593
"X1748",2.06647398843931
"X1749",4.325
"X1752",1.03517587939698
"X1755",1.15482695810565
"X1758",2.1241610738255
"X1759",0.658394160583942
"X1760",2.46428571428571
"X1761",1.9927797833935
"X1762",7.6958174904943
"X1766",0.694707520891365
"X1776",1.13223140495868
"X1788",0.922077922077922
"X1791",3.66844919786096
"X1797",2.06369426751592
"X1810",1.05301645338208
"X1820",1.41958041958042
"X1835",0.804597701149425
"X1838",1.87246376811594
"X1862",1.34699453551913
"X1867",1.72755417956656
"X1868",1.96730245231608
"X1876",0.732634338138925
"X1885",0.213263979193758
"X1888",0.747081712062257
"X1889",1.55774647887324
"X1892",0.902912621359223
"X1895",0.361926260346125
"X1900",0.810012836970475
"X1904",1.12788259958071
"X1909",0.819047619047619
"X1911",1.1753986332574
"X1915",1.88785046728972
"X1921",0.814393939393939
"X1929",0.718027734976888
"X1933",0.0892710892710893
"X1948",1.04592901878914
"X1949",0.399721448467967
"X1951",0.549828178694158
"X1955",0.790441176470588
"X1956",2.88571428571429
"X1959",1.0583038869258
"X1960",0.868263473053892
"X1973",1.31976744186047
"X1983",0.86692759295499
"X1987",0.578073089700997
"X1989",0.277254374158816
"X1992",1.31062670299728
"X1993",0.754558204768583
"X2006",1.57401812688822
"X2007",0.461883408071749
"X2024",0.99402390438247
"X2026",0.955719557195572
"X2031",0.462555066079295
"X2032",2.00684931506849
"X2037",2.66666666666667
"X2042",0.798333333333333
"X2052",1.17756183745583
"X2054",0.346820809248555
"X2060",0.578947368421053
"X2069",2.16831683168317
"X2083",0.967642526964561
"X2086",0.911522633744856
"X2126",0.184584178498986
"X2131",4.24161073825503
"X2148",1.37886597938144
"X2153",1.01194539249147
"X2176",0.288461538461538
"X2180",0.973741794310722
"X2196",1.64466019417476
"X2200",1.17279411764706
"X2205",0.919298245614035
"X2209",0.996023856858847
"X2212",0.932562620423892
"X2222",2.85067873303167
"X2226",1.05870020964361
"X2232",2.36363636363636
"X2238",1.22981366459627
"X2252",3.12019230769231
"X2253",1.57068965517241
"X2258",1.03853955375254
"X2259",0.479833101529903
"X2280",12.8915662650602
"X2289",0.40495867768595
"X2291",0.322200392927308
"X2298",0.984466019417476
"X2299",0.844357976653696
"X2309",0.962134251290878
"X2312",1.42857142857143
"X2313",0.821092278719397
"X2316",0.879464285714286
"X2317",2.31095406360424
"X2318",30.9666666666667
"X2322",1.2039911308204
"X2339",3.3862660944206
"X2370",1.38627700127065
"X2378",0.91501976284585
"X2379",1.2020725388601
"X2392",1.9921875
"X2393",1.584
"X2395",0.78513731825525
"X2399",0.455790784557908
"X2418",0.138991389913899
"X2419",0.6265625
"X2453",0.224489795918367
"X2460",1.2125
"X2462",0.954939341421144
"X2467",0.94327731092437
"X2469",1.15151515151515
"X2471",0.281323877068558
"X2472",0.907749077490775
"X2487",0.686582809224319
"X2497",2.07061503416856
"X2502",0.796557120500782
"X2504",0.349872773536896
"X2511",1.20232558139535
"X2515",1.30678466076696
"X2534",0.899159663865546
"X2540",1.28935185185185
"X2548",0.743264659270998
"X2555",1.26302729528536
"X2558",0.631659056316591
"X2562",1.22695035460993
"X2584",1.25358851674641
"X2586",0.909090909090909
"X2587",0.739910313901345
"X2589",0.536945812807882
"X2607",1.26651480637813
"X2612",1.65441176470588
"X2616",6.17948717948718
"X2621",1.88013698630137
"X2625",1.02431118314425
"X2656",0.284388185654008
"X2661",0.0328587075575027
"X2675",1.43816254416961
"X2696",5.34659090909091
"X2699",0.835066864784547
"X2700",0.916666666666667
"X2701",4.67105263157895
"X2705",0.578645235361653
"X2716",0.738486842105263
"X2717",0.964636542239686
"X2740",1.34871794871795
"X2746",0.851015801354402
"X2747",0.84040404040404
"X2754",1.30841121495327
"X2767",3.495
"X2768",0.838582677165354
"X2774",0.53083109919571
"X2775",5.87096774193548
"X2804",0.809187279151944
"X2810",1.49882352941176
"X2829",0.873440285204991
"X2833",1.16772823779193
"X2836",1.05607476635514
"X2864",0.853937947494033
"X2872",0.044
"X2876",1.28237410071942
"X2878",1.02755905511811
"X2880",0.997252747252747
"X2881",0.740677966101695
"X2890",1.13636363636364
"X2906",0.861904761904762
"X2923",1.11299435028249
"X2931",0.589974293059126
"X2940",7.54639175257732
"X2949",18
"X2950",7.93959731543624
"X2962",1.06812652068127
"X2979",1.39276485788114
"X2980",0.533803401078391
"X2981",1.2065404475043
"X2986",0.833644859813084
"X3005",0.818181818181818
"X3035",0.807610993657505
"X3064",1.02880658436214
"X3066",0.740802675585284
"X3068",0.0452961672473868
"X3069",0.261883408071749
"X3079",0.643724696356275
"X3080",0.692675159235669
"X3106",2.31444759206799
"X3114",0.894837476099426
"X3117",0.882797731568998
"X3133",1.00156985871272
"X3151",0.177312775330396
"X3158",1.40909090909091
"X3159",0.992551210428305
"X3185",0.812903225806452
"X3186",0.587554269175109
"X3191",1.06809338521401
"X3212",1.28857142857143
"X3238",0.0149075730471079
"X3245",1.11538461538462
"X3246",1.35294117647059
"X3267",0.824902723735409
"X3269",0.781443298969072
"X3284",4.41605839416058
"X3295",1.86109324758842
"X3301",1.60240963855422
"X3305",0.535660091047041
"X3319",0.61980198019802
"X3320",0.280641466208477
"X3330",4.78888888888889
"X3339",0.0346779900920028
"X3350",1.17560975609756
"X3361",0.928015564202335
"X3391",0.922465208747515
"X3408",0.959363957597173
"X3410",3.95375722543353
"X3417",0.986027944111776
"X3419",0.98
"X3430",0.0106761565836299
"X3446",0.848396501457726
"X3454",0.863481228668942
"X3475",0.84180790960452
"X3481",0.664074650077761
"X3486",0.695255474452555
"X3490",1.3695652173913
"X3500",2.91774891774892
"X3502",0.803788903924222
"X3512",7.51612903225806
"X3515",0.704180064308682
"X3517",4.14070351758794
"X3523",0.937062937062937
"X3525",1.11821086261981
"X3527",0.615269461077844
"X3528",1.20142180094787
"X3529",0.772540983606557
"X3532",0.445190156599553
"X3541",1.61538461538462
"X3548",4.31927710843373
"X3584",1.06679389312977
"X3586",0.907662082514735
"X3595",0.486524822695035
"X3596",0.282696994313566
"X3599",0.964444444444444
"X3619",0.876865671641791
"X3625",2.78095238095238
"X3632",0.0243710691823899
"X3647",0.615963855421687
"X3649",1.18435754189944
"X3667",2.71615720524017
"X3673",0.22107969151671
"X3678",0.599309153713299
"X3679",0.159590043923865
"X3680",0.834757834757835
"X3693",0.579780755176614
"X3712",1.30598290598291
"X3715",0.04014272970562
"X3720",0.704595185995624
"X3746",0.850085178875639
"X3765",1.05321100917431
"X3775",0.129142857142857
"X3799",1.02968460111317
"X3803",0.0308030803080308
"X3813",2.26550868486352
"X3815",0.413461538461538
"X3830",1.05168539325843
"X3831",0.944693572496263
"X3846",1.20962732919255
"X3860",0.891385767790262
"X3874",0.886904761904762
"X3878",0.602493074792244
"X3887",1.13123844731978
"X3892",1.69463087248322
"X3897",0.891304347826087
"X3900",0.0748440748440748
"X3907",0.73972602739726
"X3917",0.764492753623188
"X3921",1.02083333333333
"X3924",1.12582781456954
"X3928",0.896381578947368
"X3929",0.795868772782503
"X3947",0.621523579201935
"X3948",0.916230366492147
"X4003",1.00430107526882
"X4005",0.855408388520971
"X4015",0.873804971319312
"X4036",0.82695810564663
"X4041",0.903508771929824
"X4051",1.09722222222222
"X4075",0.849462365591398
"X4077",1.43932038834951
"X4080",0.728571428571429
"X4086",1.10240963855422
"X4099",0.791553133514986
"X4103",0.505154639175258
"X4104",1.42888888888889
"X4116",1.39479392624729
"X4118",0.658263305322129
"X4119",0.718954248366013
"X4120",0.851681957186544
"X4128",0.843298969072165
"X4143",1.05645161290323
"X4146",2.24857142857143
"X4156",1.29608938547486
"X4166",2.52413793103448
"X4178",0.156445556946183
"X4206",1.38568129330254
"X4211",0.349473684210526
"X4218",0.410339256865913
"X4219",0.747235387045814
"X4224",0.44039270687237
"X4227",0.766528925619835
"X4249",1.2191435768262
"X4252",0.747508305647841
"X4258",0.691507798960139
"X4259",1.06431852986217
"X4267",1.1991341991342
"X4270",1.29055690072639
"X4274",1.37666666666667
"X4286",0.584803256445047
"X4298",0.126279863481229
"X4301",0.544502617801047
"X4322",0.0878316559926807
"X4324",16.780487804878
"X4334",1.18860510805501
"X4342",1.23014256619145
"X4365",1.19791666666667
"X4366",0.997983870967742
"X4373",0.746902654867257
"X4395",0.0127118644067797
"X4406",0.61820652173913
"X4415",0.971212121212121
"X4434",0.490963855421687
"X4448",1.03993855606759
"X4490",6.30075187969925
"X4502",0.678855325914149
"X4504",1.93446601941748
"X4508",0.853488372093023
"X4510",3.43981481481481
"X4519",0.698019801980198
"X4526",1.98944591029024
"X4533",0.852551984877127
"X4534",1.06862745098039
"X4546",0.723370429252782
"X4558",0.921428571428571
"X4565",1.52582159624413
"X4566",1.14462809917355
"X4568",0.55794701986755
"X4573",1.93361884368308
"X4587",0.929549902152642
"X4590",5.99038461538461
"X4608",1.56010230179028
"X4619",1.06387225548902
"X4628",1.14285714285714
"X4632",0.543126684636119
"X4649",1.03292894280763
"X4654",1.0432612312812
"X4659",1.71361502347418
"X4667",0.40924464487035
"X4683",0.914634146341463
"X4709",4.63125
"X4711",0.389896373056995
"X4717",0.593325092707046
"X4727",1.04701627486438
"X4728",0.975047984644914
"X4732",0.896247240618102
"X4750",0.942307692307692
"X4753",0.840197693574959
"X4757",0.670250896057348
"X4758",0.157384987893462
"X4763",0.891170431211499
"X4764",0.87593984962406
"X4771",0.942857142857143
"X4775",0.516455696202532
"X4782",0.268244575936884
"X4791",0.178571428571429
"X4793",0.940082644628099
"X4797",0.908931698774081
"X4800",0.576248313090418
"X4809",2.50359712230216
"X4822",0.840909090909091
"X4847",0.25125
"X4865",1.15675675675676
"X4871",0.525483304042179
"X4873",0.449820788530466
"X4879",1.38961038961039
"X4880",0.53019145802651
"X4883",0.847222222222222
"X4885",0.605932203389831
"X4886",0.407294832826748
"X4887",0.33718487394958
"X4891",5.35714285714286
"X4901",0.825
"X4912",0.498333333333333
"X4917",0.539244186046512
"X4924",1.13203463203463
"X4945",4.54589371980676
"X4950",0.731922398589065
"X4963",1.09113924050633
"X4968",1.19281663516068
"X4987",0.74079754601227
"X4988",1.32448377581121
"X5008",0.336675020885547
"X5010",0.621301775147929
"X5011",0.749633967789165
"X5020",0.734323432343234
"X5027",0.701612903225806
"X5032",4.58646616541353
"X5037",1.31094527363184
"X5042",1.29506008010681
"X5051",7.80487804878049
"X5069",0.412859560067682
"X5071",0.342241379310345
"X5084",0.540645161290323
"X5101",1
"X5111",0.986516853932584
"X5121",0.432478632478632
"X5136",0.060126582278481
"X5137",0.996240601503759
"X5143",0.784070796460177
"X5144",0.822784810126582
"X5145",0.842560553633218
"X5146",0.896428571428571
"X5168",0.989059080962801
"X5175",22.2142857142857
"X5194",1.01919385796545
"X5203",0.870503597122302
"X5209",0.91170431211499
"X5212",1.15540540540541
"X5213",2.01946107784431
"X5225",2.95174262734584
"X5226",1.2431941923775
"X5238",0.62268803945746
"X5240",0.893186003683241
"X5245",4.61309523809524
"X5250",0.673469387755102
"X5251",0.594022415940224
"X5254",0.938856015779093
"X5255",1.09882964889467
"X5258",0.899328859060403
"X5259",0.723214285714286
"X5265",0.924843423799582
"X5276",0.971370143149284
"X5277",0.663650075414781
"X5281",0.963722397476341
"X5285",42.5454545454545
"X5292",0.631377551020408
"X5296",0.642072213500785
"X5300",1
"X5301",1.12255772646536
"X5309",1.33910891089109
"X5325",1.38461538461538
"X5346",9.34042553191489
"X5348",0.254716981132075
"X5351",0.808193668528864
"X5352",1.19480519480519
"X5361",0.774861878453039
"X5386",0.099023709902371
"X5389",1.51270207852194
"X5423",1.39784946236559
"X5432",1.39267015706806
"X5449",1.01008064516129
"X5453",0.791277258566978
"X5455",0.49763779527559
"X5458",0.917857142857143
"X5464",2.33687943262411
"X5517",0.218325791855204
"X5526",1.83959044368601
"X5539",1.29577464788732
"X5544",1.64835164835165
"X5548",1.13480885311871
"X5558",0.956427015250545
"X5560",0.961538461538461
"X5576",0.766544117647059
"X5585",1.58231707317073
"X5586",0.646759847522236
"X5592",0.904235727440147
"X5605",1.02418207681366
"X5606",1.74941451990632
"X5620",1.07543103448276
"X5646",0.927893738140417
"X5648",0.86
"X5649",1.12141280353201
"X5659",1.19166666666667
"X5661",3.85340314136126
"X5664",0.865731462925852
"X5675",1.15591397849462
"X5677",1.14372469635628
"X5684",1.17972350230415
"X5685",0.267699115044248
"X5690",3.45798319327731
"X5701",0.50748502994012
"X5702",0.811567164179104
"X5705",1.00742115027829
"X5707",0.86396526772793
"X5712",0.841620626151013
"X5737",0.613670133729569
"X5742",0.856175972927242
"X5743",0.864130434782609
"X5744",0.644163150492264
"X5745",0.833688699360341
"X5763",8.76744186046512
"X5766",14.3103448275862
"X5768",8.85714285714286
"X5774",0.416296296296296
"X5784",0.705501618122977
"X5791",2.34375
"X5793",0.397832817337461
"X5817",1.4293059125964
"X5822",1.11369509043928
"X5837",0.57258064516129
"X5853",2.83571428571429
"X5868",1.01837270341207
"X5878",1.3382084095064
"X5883",0.973333333333333
"X5884",0.0476190476190476
"X5885",1.06015037593985
"X5894",1.67484662576687
"X5918",0.501738122827346
"X5919",0.862608695652174
"X5925",1.05811138014528
"X5930",0.825561312607945
"X5933",0.935779816513762
"X5938",1.69902912621359
"X5948",0.997894736842105
"X5962",0.614088820826952
"X5971",0.80327868852459
"X5981",5.24242424242424
"X5984",0.65650406504065
"X5986",0.864620938628159
"X5987",0.840277777777778
"X5999",0.608955223880597
"X6008",1.17380352644836
"X6019",0.906804733727811
"X6029",0.962328767123288
"X6032",0.499267935578331
"X6033",0.582450832072617
"X6044",0.944525547445256
"X6049",0.926873857404022
"X6055",1.14097744360902
"X6073",0.733133433283358
"X6080",1.8089552238806
"X6085",0.848200312989045
"X6086",1.20706260032103
"X6100",0.896237172177879
"X6101",1.10691823899371
"X6109",1.19315403422983
"X6124",2.09375
"X6140",0.622950819672131
"X6147",3.77832512315271
"X6164",0.912962962962963
"X6178",1.11954022988506
"X6186",1.27792207792208
"X6206",0.68921185019564
"X6220",0.846011131725418
"X6229",1.31960784313725
"X6242",0.936633663366337
"X6245",4.144
"X6259",0.819420783645656
"X6280",0.905123339658444
"X6298",1.82808022922636
"X6304",1.01805869074492
"X6305",1.33431085043988
"X6313",1.52941176470588
"X6316",1.00421052631579
"X6322",0.683870967741935
"X6337",0.773987206823028
"X6340",0.867965367965368
"X6343",0.208074534161491
"X6374",0.625706214689266
"X6378",0.756
"X6387",0.910679611650485
"X6403",1.09867172675522
"X6415",1.24594594594595
"X6432",0.256844850065189
"X6438",0.841772151898734
"X6441",2.30660377358491
"X6444",1.95029239766082
"X6450",1.0850622406639
"X6456",0.811567164179104
"X6469",0.492625368731563
"X6475",0.892523364485981
"X6488",0.811051693404635
"X6489",0.891089108910891
"X6494",1.17723880597015
"X6516",0.160626836434868
"X6522",25.2521008403361
"X6530",1.00616016427105
"X6531",1.41978609625668
"X6539",1.40441176470588
"X6565",3.35359116022099
"X6581",0.917218543046358
"X6583",0.881294964028777
"X6592",4.62204724409449
"X6594",2.41958041958042
"X6600",0.963043478260869
"X6601",0.468430034129693
"X6607",1.38020833333333
"X6614",1.08818181818182
"X6623",1.08249496981891
"X6624",1.05779334500876
"X6643",1.03616636528029
"X6648",0.563897763578275
"X6651",0.927140255009107
"X6658",0.844221105527638
"X6668",1.39383561643836
"X6679",0.684121621621622
"X6680",1.45070422535211
"X6698",10.1975308641975
"X6712",0.889279437609842
"X6716",1.04925053533191
"X6726",1.0627802690583
"X6732",1.1725
"X6758",0.929460580912863
"X6767",0.666172106824926
"X6794",0.77431906614786
"X6809",0.796521739130435
"X6818",0.0311320754716981
"X6834",0.827972027972028
"X6838",0.109822646657572
"X6851",1.21017699115044
"X6858",1.07171314741036
"X6863",0.93418647166362
"X6868",0.0804347826086956
"X6877",1.18949771689498
"X6878",0.902877697841727
"X6890",0.746634026927785
"X6909",0.454545454545455
"X6911",0.970833333333333
"X6931",0.550955414012739
"X6949",1.12717770034843
"X6955",0.867383512544803
"X6986",0.726006191950464
"X6995",1.8394495412844
"X7001",1.06858054226475
"X7009",0.934131736526946
"X7017",0.884955752212389
"X7020",1.23326133909287
"X7021",0.988558352402746
"X7056",0.433776749566223
"X7062",0.736111111111111
"X7063",0.802047781569966
"X7064",4.37647058823529
"X7069",1.02433090024331
"X7081",0.842105263157895
"X7091",1.08703071672355
"X7097",1.1493288590604
"X7112",1.18790849673203
"X7114",0.877338877338877
"X7162",1.0212389380531
"X7170",0.176404494382022
"X7171",1.28117359413203
"X7189",0.658064516129032
"X7190",4.72538860103627
"X7204",1.03969754253308
"X7220",0.873417721518987
"X7247",0.5302734375
"X7251",1.21980198019802
"X7315",0.717791411042945
"X7319",0.959745762711865
"X7326",0.82295719844358
"X7328",1.05882352941176
"X7342",2.78552278820375
"X7352",1.04854368932039
"X7365",0.68997668997669
"X7373",1.69411764705882
"X7380",1.40506329113924
"X7408",1.01581027667984
"X7409",5.99099099099099
"X7410",1.63235294117647
"X7413",1.21381578947368
"X7429",0.950113378684807
"X7458",0.954545454545455
"X7468",0.538361508452536
"X7470",1.28118393234672
"X7475",1.01351351351351
"X7485",1.33110119047619
"X7499",0.117709437963945
"X7500",0.64568345323741
"X7503",0.931260229132569
"X7505",3.36170212765957
"X7510",1.12132352941176
"X7518",1.03125
"X7522",0.625668449197861
"X7524",1.46446700507614
"X7541",0.954849498327759
"X7551",2.55417956656347
"X7571",0.889084507042254
"X7576",0.8896
"X7582",0.467236467236467
"X7590",0.827628361858191
"X7591",1.23157894736842
"X7592",0.743380855397149
"X7595",1.04669260700389
"X7604",1.19216823785352
"X7608",1.53801169590643
"X7625",0.795289855072464
"X7626",1.46585365853659
"X7635",0.752923976608187
"X7649",0.970355731225296
"X7653",0.968441814595661
"X7654",0.760355029585799
"X7663",1.30412371134021
"X7695",1.4330900243309
"X7718",2.03754266211604
"X7726",0.836805555555556
"X7731",1.41049382716049
"X7733",0.807476635514019
"X7781",0.853889943074004
"X7787",0.986193293885602
"X7814",1.31174089068826
"X7824",0.765873015873016
"X7834",0.603268945022288
"X7836",0.734133790737564
"X7838",0.910096818810512
"X7843",1.54308093994778
"X7846",0.973568281938326
"X7859",1.25536992840095
"X7870",0.722132471728595
"X7893",1.02146690518784
"X7895",1.18831168831169
"X7901",0.746056782334385
"X7935",0.683823529411765
"X7945",1.02581755593804
"X7950",0.756916996047431
"X7959",0.796257796257796
"X7972",0.0986078886310905
"X7980",0.309128630705394
"X7982",0.788461538461539
"X8003",0.784911717495987
"X8027",1.63888888888889
"X8030",0.827838827838828
"X8034",0.358015267175573
"X8035",0.843791722296395
"X8036",0.706375838926175
"X8045",1.15560165975104
"X8053",0.99092970521542
"X8062",1.21985815602837
"X8071",1.02736842105263
"X8081",0.806142034548944
"X8089",1.51232876712329
"X8094",0.794270833333333
"X8138",0.778688524590164
"X8141",0.777183600713013
"X8156",0.269876819708847
"X8166",0.723154362416107
"X8191",0.78019801980198
"X8208",0.891615541922291
"X8228",0.558528428093645
"X8252",1.64503816793893
"X8259",3.72262773722628
"X8280",0.269372693726937
"X8282",3.73214285714286
"X8283",0.347889374090247
"X8305",0.759878419452888
"X8308",1.06215722120658
"X8309",1.30848861283644
"X8316",0.951923076923077
"X8334",0.928400954653938
"X8335",0.907563025210084
"X8342",2.21338912133891
"X8347",1.01342281879195
"X8354",1.25880052151239
"X8359",1.21730382293763
"X8361",0.792763157894737
"X8368",1.141065830721
"X8381",0.96551724137931
"X8394",2.26694915254237
"X8395",0.869257950530035
"X8431",0.78804347826087
"X8432",0.902021772939347
"X8435",0.470170454545455
"X8436",0.40125885129819
"X8439",0.750972762645914
"X8440",1.2590799031477
"X8452",0.909620991253644
"X8465",1.84835355285962
"X8484",0.931226765799257
"X8485",0.851919561243144
"X8503",0.883474576271187
"X8507",0.964376590330789
"X8537",0.424209378407852
"X8551",0.763727121464226
"X8586",1.63905325443787
"X8607",1.64826175869121
"X8631",0.991957104557641
"X8648",1.05420827389444
"X8662",1.10755148741419
"X8692",8.22047244094488
"X8700",0.529137529137529
"X8702",0.818525519848771
"X8704",0.0333704115684093
"X8712",1.03456790123457
"X8721",0.513347022587269
"X8754",0.872294372294372
"X8757",0.69
"X8770",1.21657754010695
"X8782",1.55503512880562
"X8796",1.03759398496241
"X8797",1.02138157894737
"X8800",0.725779967159278
"X8812",0.109958506224066
"X8824",0.812937062937063
"X8827",0.844398340248963
"X8828",1.16761363636364
"X8834",0.574742268041237
"X8845",1.05601317957166
"X8850",0.825301204819277
"X8866",0.53259532595326
"X8879",0.873202614379085
"X8883",0.648818897637795
"X8893",1.30793650793651
"X8896",0.978768577494692
"X8902",0.705607476635514
"X8918",0.805019305019305
"X8920",0.834285714285714
"X8938",1.10757946210269
"X8942",1.18312757201646
"X8943",1.14285714285714
"X8945",0.85981308411215
"X8963",1.0063025210084
"X8976",1.45226130653266
"X8978",0.943359375
"X8980",0.947368421052632
"X8984",0.585746102449889
"X8991",2.17361111111111
"X8998",0.870056497175141
"X9037",0.90249433106576
"X9038",0.832976445396146
"X9039",0.516556291390728
"X9049",1.52737752161383
"X9061",1.04601226993865
"X9066",0.712374581939799
"X9067",0.586142322097378
"X9068",0.664965986394558
"X9070",0.882113821138211
"X9071",0.807462686567164
"X9075",3.39830508474576
"X9113",0.918918918918919
"X9114",2.33770491803279
"X9119",0.905747126436782
"X9125",0.791164658634538
"X9133",0.531386861313869
"X9146",0.226190476190476
"X9147",1.01328273244782
"X9174",1.04848484848485
"X9179",0.704132231404959
"X9185",0.946808510638298
"X9229",0.94954954954955
"X9231",0.57719298245614
"X9235",0.684563758389262
"X9247",0.440860215053763
"X9254",1.19025522041763
"X9279",0.690635451505017
"X9280",0.778929188255613
"X9282",0.731313131313131
"X9286",0.819417475728155
"X9296",0.656786271450858
"X9303",0.507821901323706
"X9320",0.600737100737101
"X9328",1.03943661971831
"X9350",0.835205992509363
"X9351",1.07865168539326
"X9358",0.557788944723618
"X9359",1.2545871559633
"X9364",2.22466960352423
"X9397",0.944162436548223
"X9409",2.55743243243243
"X9432",19.4375
"X9438",1.19415448851775
"X9440",0.909255898366606
"X9446",1.32710280373832
"X9449",1.07184466019417
"X9450",0.841417910447761
"X9458",0.920983318700615
"X9481",1.04225352112676
"X9514",0.531886024423338
"X9527",1.152
"X9528",1.95289855072464
"X9540",1.35454545454545
"X9547",0.849721706864564
"X9561",0.97951582867784
"X9565",0.776173285198556
"X9573",0.924180327868853
"X9591",0.849480968858132
"X9594",0.767699115044248
"X9596",0.166321243523316
"X9602",4.55135135135135
"X9620",0.811538461538462
"X9622",1.4207650273224
"X9624",1.30890052356021
"X9639",1.03378378378378
"X9659",0.393386545039909
"X9666",1.35458167330677
"X9688",0.895522388059702
"X9696",0.290707587382779
"X9698",1.05555555555556
"X9699",1.11294117647059
"X9707",0.847457627118644
"X9716",0.735207100591716
"X9720",1.41917808219178
"X9722",1.30878186968839
"X9733",0.121240601503759
"X9741",8.38461538461539
"X9780",0.340770791075051
"X9781",0.319954128440367
"X9791",2.64
"X9800",0.983253588516746
"X9809",1.32363636363636
"X9810",1.30340211935304
"X9828",0.503649635036496
"X9892",0.91635687732342
"X9901",0.892405063291139
"X9906",0.344283837056505
"X9907",1.17263157894737
"X9914",1.03719912472648
"X9929",0.696092619392185
"X9935",0.836397058823529
"X9937",0.650711513583441
"X9969",1.28055555555556
"X9979",0.912013536379018
"X9982",0.852882703777336
"X9988",0.829888712241653
"X9992",0.430337078651685
"X9994",1.06944444444444
"X10001",1.37528604118993
"X10017",0.864761904761905
"X10043",0.987206823027718
"X10078",1.04213938411669
"X10081",0.949910554561717
"X10088",1.40609137055838
"X10118",1.39869281045752
"X10126",1.08510638297872
"X10127",1.06201550387597
"X10150",0.555693069306931
"X10162",4.896
"X10186",1.13989637305699
"X10196",0.5
"X10197",3.59649122807018
"X10218",0.893081761006289
"X10219",0.605456453305352
"X10244",0.549707602339181
"X10247",1.00700525394046
"X10248",1.01590457256461
"X10250",1.06530612244898
"X10277",1.0552677029361
"X10291",1.26287262872629
"X10292",0.722783389450056
"X10294",1.29299363057325
"X10305",1
"X10307",0.403204272363151
"X10342",0.260162601626016
"X10346",1.35660847880299
"X10351",0.0303292894280763
"X10353",1.06209850107066
"X10358",0.747081712062257
"X10362",0.953767123287671
"X10365",1.40452261306533
"X10376",0.736842105263158
"X10403",0.753355704697987
"X10427",0.93812375249501
"X10440",0.831442463533225
"X10455",1.39312039312039
"X10461",1.23152709359606
"X10466",0.627536231884058
"X10484",0.784832451499118
"X10487",10.8840579710145
"X10525",0.78486646884273
"X10532",0.944
"X10537",0.917355371900826
"X10577",0.99031007751938
"X10588",1.77426160337553
"X10629",0.661490683229814
"X10633",0.885382059800665
"X10661",6.7037037037037
"X10700",5.70634920634921
"X10727",0.924764890282132
"X10731",1.02077922077922
"X10733",0.874242424242424
"X10760",0.852362204724409
"X10793",0.730097087378641
"X10819",0.789752650176679
"X10826",1.33613445378151
"X10855",8.42592592592593
"X10877",0.722132471728595
"X10890",0.893617021276596
"X10903",0.790123456790123
"X10919",1.06902654867257
"X10920",0.823033707865169
"X10953",1.296875
"X10959",0.716904276985743
"X10965",1.07207207207207
"X10995",2.53207547169811
"X10996",0.755077658303465
"X10997",1.19344773790952
"X11004",2.609375
"X11007",0.516666666666667
"X11021",1.13782991202346
"X11052",0.941712204007286
"X11083",0.908510638297872
"X11096",0.742966751918159
"X11145",0.183966244725738
"X11148",0.917466410748561
"X11161",0.858316221765914
"X11166",0.913333333333333
"X11168",1.53921568627451
"X11172",0.971938775510204
"X11179",0.398169336384439
"X11212",1.31497797356828
"X11233",1.35831381733021
"X11242",0.9375
"X11243",0.698056801195815
"X11245",1.0063829787234
"X11261",0.664785553047404
"X11301",1.86082474226804
"X11303",21.7710843373494
"X11307",0.712270803949224
"X11342",0.736654804270463
"X11343",1.44175491679274
"X11346",0.860169491525424
"X11348",0.652388797364086
"X11351",1.42168674698795
"X11358",1.01032702237521
"X11364",1.12580128205128
"X11381",1.09954751131222
"X11384",1.1414913957935
"X11409",0.707491082045184
"X11419",1.12284482758621
"X11434",1.02995391705069
"X11440",0.96600790513834
"X11451",1.03205128205128
"X11455",0.154299175500589
"X11460",1.14920071047957
"X11476",2.84459459459459
"X11518",1.00728597449909
"X11519",0.872651356993737
"X11520",0.933920704845815
"X11541",14.2857142857143
"X11548",0.0882882882882883
"X11605",2.13024282560706
"X11613",0.987206823027718
"X11707",1.79649122807018
"X11710",0.764023210831722
"X11712",0.898989898989899
"X11743",0.550561797752809
"X11744",1.17682926829268
"X11759",1.20217729393468
"X11778",0.773234200743494
"X11782",1.42340425531915
"X11803",1.43904761904762
"X11843",0.828080229226361
"X11847",0.79465776293823
"X11868",1.09294871794872
"X11887",0.882692307692308
"X11895",0.445916114790287
"X11912",2.25155279503106
"X11919",1.87407407407407
"X11921",1.34102564102564
"X11974",1.07008086253369
"X11982",1.00997150997151
"X12007",0.528031290743155
"X12017",1.0233918128655
"X12027",2.97311827956989
"X12046",0.997950819672131
"X12047",0.722003929273084
"X12052",0.821490467937608
"X12081",0.897560975609756
"X12092",1.29113924050633
"X12093",12.5964912280702
"X12094",0.0629820051413882
"X12098",0.893805309734513
"X12099",8.26136363636364
"X12104",0.697183098591549
"X12106",1.16967509025271
"X12117",1.11960132890365
"X12180",0.895189003436426
"X12238",1.03157894736842
"X12244",0.975124378109453
"X12247",0.266750948166877
"X12298",0.203653585926928
"X12355",2.63181818181818
"X12410",1.31641791044776
"X12420",1.70623145400593
"X12447",1.54569892473118
"X12469",0.961538461538462
"X12474",0.858947368421053
"X12475",0.891172914147521
"X12508",0.625435540069686
"X12513",3.15189873417722
"X12523",0.757201646090535
"X12534",0.68389662027833
"X12536",1.02028081123245
"X12558",0.726744186046512
"X12590",0.0138640429338104
"X12595",0.842287694974003
"X12600",1.56659619450317
"X12606",0.885869565217391
"X12611",0.872427983539095
"X12622",0.665893271461717
"X12650",1.55469953775039
"X12676",4.35294117647059
"X12689",2.24043715846995
"X12700",0.865642994241843
"X12704",0.980815347721823
"X12705",0.73972602739726
"X12707",0.810344827586207
"X12733",1.19221967963387
"X12768",1.125
"X12772",3.08191126279863
"X12780",1.48
"X12801",0.786885245901639
"X12812",0.274616079494128
"X12856",0.951401869158879
"X12918",0.978902953586498
"X12937",0.969111969111969
"X12943",1.14156079854809
"X12946",1.175
"X12997",1.42627345844504
"X13003",0.979674796747967
"X13025",3.31779661016949
"X13038",4.49664429530201
"X13067",2.125
"X13119",2.94295302013423
"X13133",1.24489795918367
"X13137",1.26748971193416
"X13138",1.17827298050139
"X13185",0.591022443890274
"X13188",0.78125
"X13197",0.963597430406852
"X13213",1.24724061810155
"X13229",2.7775
"X13266",8
"X13276",2.09259259259259
"X13321",1.78310502283105
"X13327",0.996357012750455
"X13386",0.910377358490566
"X13397",1.53215859030837
"X13413",1.31622176591376
"X13419",0.856907894736842
"X13446",0.704854368932039
"X13467",0.725609756097561
"X13501",1.04581358609795
"X13551",1.34131736526946
"X13556",0.166877370417193
"X13576",0.930970149253731
"X13616",0.792207792207792
"X13669",0.42836676217765
"X13726",0.363478260869565
"X13765",0.743346007604563
"X13786",3.45414847161572
"X13804",1.09166666666667
"X13854",1.27553444180523
"X13883",0.392324093816631
"X13892",1.24626865671642
"X13901",2.97802197802198
"X13968",1.20242914979757
"X13987",1.34366197183099
"X14025",6.47953216374269
"X14102",1.00595238095238
"X14107",0.91635687732342
"X14126",0.987387387387387
"X14148",0.816993464052288
"X14162",4.68510638297872
"X14163",0.388943731490622
"X14209",0.345360824742268
"X14240",2.43921568627451
"X14265",0.940613026819923
"X14267",0.800687285223368
"X14348",1.6013986013986
"X14397",1.04173106646059
"X14485",0.879003558718861
"X14574",1.575
"X14757",0.32847533632287
"X14776",0.663755458515284
"X14820",0.379874213836478
"X14870",0.91404011461318
"X14886",1.12631578947368
"X14887",1.55161290322581
"X14888",0.316576086956522
"X14914",3.69672131147541
"X14941",0.647948164146868
"X14942",0.688715953307393
"X14955",1.43971631205674
"X14969",0.562372188139059
"X15143",1.05160142348754
"X15159",4.17368421052632
"X15160",1.09032258064516
"X15164",0.348894348894349
"X15324",1.29257641921397
"X15351",0.670364500792393
"X15369",1.59237536656891
"X15373",1.08043875685558
"X15408",1.19072164948454
"X15469",6.66822429906542
"X15515",1.09437386569873
"X15530",0.867704280155642
"X15574",0.73574144486692
"X15630",0.757679180887372
"X15757",2.62365591397849
"X15924",0.961199294532628
"X15950",0.670005564830273
"X15972",0.907630522088353
"X16059",1.0200364298725
"X16074",0.725050916496945
"X16191",1.17444717444717
"X16234",0.888704318936877
"X16247",4.14444444444444
"X16248",0.917085427135678
"X16323",1.51042944785276
"X16333",0.989583333333333
"X16342",0.86231884057971
"X16351",2.01145038167939
"X16363",1.38391224862888
"X16367",1.0185873605948
"X16404",1.11444652908068
"X16426",3.17297297297297
"X16520",7.11764705882353
"X16567",3.37333333333333
"X16581",0.937625754527163
"X16626",0.868008948545861
"X16717",10.1898734177215
"X16718",11.9464285714286
"X16760",1.21654501216545
"X16783",7.7192513368984
"X16863",1.02852049910873
"X16878",3.84210526315789
"X16889",0.636746143057503
"X16950",1.02748414376321
"X16972",6.18461538461539
"X16974",32.1875
"X16989",0.948235294117647
"X17001",0.646417445482866
"X17136",0.993299832495812
"X17162",0.900826446280992
"X17248",2.52569169960474
"X17302",0.569727891156463
"X17350",0.281873373807459
"X17351",14.1449275362319
"X17400",2.17948717948718
"X17432",1.25382262996942
"X17503",1.65579710144928
"X17554",6.87804878048781
"X17623",0.854990583804143
"X17648",0.740384615384615
"X17677",0.910876132930514
"X17704",1.02335456475584
"X17731",1.37380191693291
"X17782",0.81941309255079
"X17838",0.316901408450704
"X17895",1.88518518518519
"X17938",1.83275261324042
"X17986",2.28310502283105
"X18016",0.990950226244344
"X18034",1.48405797101449
"X18078",0.614088820826952
"X18138",1.16707616707617
"X18164",1.23478260869565
"X18165",1.50192307692308
"X18169",3.33720930232558
"X18174",0.846153846153846
"X18196",1.19537275064267
"X18229",1.64444444444444
"X18252",4.14814814814815
"X18303",0.895256916996047
"X18308",1.56105100463679
"X18309",1.36881188118812
"X18333",0.570940170940171
"X18337",1.00591715976331
"X18409",0.783231083844581
"X18471",3.30051813471503
"X18483",0.986440677966102
"X18568",1.53825136612022
"X18639",1.06103286384977
"X18708",0.605220228384992
"X18710",0.756238003838772
"X18720",0.87109375
"X18741",1.29209621993127
"X18747",1.23936170212766
"X18751",1.47422680412371
"X18758",0.598814229249012
"X18940",2.17045454545455
"X18950",1.72936400541272
"X18964",0.823809523809524
"X18967",2.39649122807018
"X18974",1.2953488372093
"X19081",1.64951768488746
"X19094",1.71120689655172
"X19103",1.38177874186551
"X19104",1.24923076923077
"X19147",7.14173228346457
"X19158",0.737244897959184
"X19170",1.03703703703704
"X19175",0.86692759295499
"X19204",1.93982808022923
"X19245",1.16455696202532
"X19251",1.50636942675159
"X19284",0.937842778793419
"X19322",1.01436265709156
"X19358",0.720357941834452
"X19378",5.09352517985612
"X19382",10.7428571428571
"X19416",1.11854684512428
"X19429",1.96035242290749
"X19433",1.30488522660388
"X19440",1.08211143695015
"X19452",2.83198707592892
"X19465",1.05694760820046
"X19512",1.55474452554745
"X19531",0.671905697445973
"X19549",1.07862903225806
"X19550",1.02374670184697
"X19555",0.902616279069767
"X19558",4.49411764705882
"X19564",1.50381679389313
"X19699",0.756646216768916
"X19834",0.956018518518519
"X19875",0.80353982300885
"X19891",0.756302521008403
"X19905",1.0735632183908
"X19950",13.7884615384615
"X19953",2.42748091603053
"X19970",1.48214285714286
"X20001",1.14759036144578
"X20017",0.647058823529412
"X20040",0.860153256704981
"X20067",1.04678362573099
"X20178",1.18236472945892
"X20225",0.189655172413793
"X20231",0.955849889624724
"X20244",1.4746835443038
"X20277",0.669642857142857
"X20281",0.473360655737705
"X20289",0.779783393501805
"X20308",0.116059379217274
"X20313",1.00352112676056
"X20356",1.47945205479452
"X20372",0.538888888888889
"X20400",1.0054347826087
"X20426",1.31067961165049
"X20437",0.648936170212766
"X20444",0.825905292479109
"X20445",2.5880721220527
"X20464",0.658718330849478
"X20501",0.828571428571429
"X20515",1.21465076660988
"X20560",0.537579617834395
"X20637",1.06585788561525
"X20684",1.16619718309859
"X20699",1.49501661129568
"X20728",1.54421768707483
"X20730",1.1096256684492
"X20747",1.6848635235732
"X20784",1.47706422018349
"X20827",1.44862155388471
"X20839",2.99559471365639
"X20863",0.693103448275862
"X20867",0.68503937007874
"X20886",0.847750865051903
"X20900",0.722935779816514
"X20967",1.68269230769231
"X21014",1.03197158081705
"X21020",1.50830564784053
"X21064",0.981856990394877
"X21078",1.22520107238606
"X21080",12.5483870967742
"X21096",1.12784090909091
"X21099",0.604381443298969
"X21111",0.488795518207283
"X21167",1.35017221584386
"X21205",0.721617418351477
"X21225",3.24186046511628
"X21258",1.05731225296443
"X21282",1.41358024691358
"X21304",1.73204419889503
"X21331",1.18567639257294
"X21347",1.58785942492013
"X21362",4.41104294478528
"X21395",0.432911392405063
"X21435",0.615160349854227
"X21438",1.43965517241379
"X21488",7.45945945945946
"X21518",1.02620967741935
"X21519",0.967479674796748
"X21527",1.03287671232877
"X21529",0.555112881806109
"X21532",1.62
"X21543",0.93223819301848
"X21547",3.34671532846715
"X21557",1.52816020025031
"X21562",1.31845238095238
"X21634",3.03305785123967
"X21640",0.757194244604317
"X21682",2.60483870967742
"X21685",0.926174496644295
"X21697",1.45014245014245
"X21722",0.884
"X21731",1.30989583333333
"X21735",2.55862068965517
"X21772",3.20675105485232
"X21778",0.603411513859275
"X21785",1.1498127340824
"X21816",1.0433734939759
"X21832",0.641541038525963
"X21861",1.04035874439462
"X21873",1.41935483870968
"X21878",2.36335403726708
"X21879",0.794788273615635
"X21900",0.598314606741573
"X21905",1.05693950177936
"X21914",0.288723667905824
"X21919",0.993927125506073
"X21921",1.11232876712329
"X21955",0.762886597938144
"X21964",1.49175824175824
"X21986",1.72239747634069
"X22021",0.838129496402878
"X22044",1.69463869463869
"X22086",1.08073394495413
"X22105",0.87
"X22136",4.97014925373134
"X22138",0.508620689655172
"X22161",1.32235294117647
"X22218",0.89648033126294
"X22242",0.902608695652174
"X22266",0.876569037656904
"X22278",0.822168087697929
"X22279",0.780357142857143
"X22293",0.24923391215526
"X22298",0.680701754385965
"X22323",0.948379351740696
"X22339",1.5114006514658
"X22358",1.10862619808307
"X22361",1.44660194174757
"X22394",1.43377483443709
"X22402",3.1796875
"X22404",0.196692776327241
"X22427",0.710727969348659
"X22431",1.49299719887955
"X22445",0.698466780238501
"X22460",0.779310344827586
"X22462",1.10645161290323
"X22466",1.48837209302326
"X22483",1.11669658886894
"X22486",0.382803297997644
"X22489",0.905982905982906
"X22491",0.918478260869565
"X22508",0.923791821561338
"X22528",0.894463667820069
"X22530",1.25895316804408
"X22532",1.0018115942029
"X22583",0.845070422535211
"X22628",1.5131195335277
"X22632",1.19266055045872
"X22635",1.0956678700361
"X22687",0.114137483787289
"X22689",0.891941391941392
"X22693",1.16624685138539
"X22772",0.848076923076923
"X22790",1.63829787234043
"X22822",0.810590631364562
"X22825",1.64838709677419
"X22836",1.53658536585366
"X22843",0.733974358974359
"X22844",0.683720930232558
"X22868",1.02127659574468
"X22889",1.19298245614035
"X22942",1.14871194379391
"X22958",0.840787119856887
"X22969",1.57191780821918
"X22997",0.711281070745698
"X23005",3.76506024096386
"X23035",1.48640483383686
"X23060",0.827838827838828
"X23062",1.03266787658802
"X23070",1.43533123028391
"X23091",1.07339449541284
"X23096",0.941414141414141
"X23102",1.48108108108108
"X23167",1.99810246679317
"X23190",0.845549738219895
"X23207",0.491749174917492
"X23220",1.53220338983051
"X23232",4.90789473684211
"X23233",0.681440443213296
"X23267",0.862369337979094
"X23287",0.794957983193277
"X23330",1.19914346895075
"X23355",0.889312977099237
"X23403",1.60517799352751
"X23421",1.47123287671233
"X23452",1.4640522875817
"X23494",1.25414364640884
"X23511",1.4798927613941
"X23584",1.51827242524917
"X23631",1.92517006802721
"X23645",3.21538461538462
"X23658",1.08
"X23662",2.06818181818182
"X23697",1.56382978723404
"X23715",0.0283307810107198
"X23729",0.919720767888307
"X23731",1.45287356321839
"X23748",1.71111111111111
"X23791",0.876500857632933
"X23832",0.59349593495935
"X23866",1.03767123287671
"X23875",1.44931506849315
"X23877",1.53220338983051
"X23883",1.38019169329073
"X23906",1.18965517241379
"X23914",1.56228956228956
"X23922",0.62979683972912
"X23943",0.746130030959752
"X23979",10.5865384615385
"X23984",1.12345679012346
"X23991",1.54193548387097
"X24006",1.61144578313253
"X24024",1.20915032679739
"X24046",1.19631901840491
"X24060",0.906077348066298
"X24064",0.908918406072106
"X24079",1.43007915567282
"X24100",0.844178082191781
"X24150",1.48870056497175
"X24171",0.741883116883117
"X24217",0.806451612903226
"X24236",2.48780487804878
"X24251",1.81132075471698
"X24266",1.6259842519685
"X24291",1.37709497206704
"X24304",1.88856304985337
"X24307",1.036
"X24334",1.48409893992933
"X24342",1.21052631578947
"X24355",2.20530973451327
"X24357",1.40865384615385
"X24372",1.03046594982079
"X24388",0.838607594936709
"X24434",1.42319749216301
"X24471",1.14285714285714
"X24485",1.58103975535168
"X24493",1.5943661971831
"X24519",0.794285714285714
"X24529",1.46153846153846
"X24549",0.0189732142857143
"X24584",1.52684563758389
"X24603",1.93888070692194
"X24615",0.871666666666667
"X24642",0.438247011952191
"X24684",0.659713168187745
"X24706",1.52472527472527
"X24729",1.06189555125725
"X24768",1.50452488687783
"X24777",1.29245283018868
"X24779",0.838235294117647
"X24794",5.45977011494253
"X24802",1.37920489296636
"X24864",1.453125
"X24893",5.72
"X24929",1.7112676056338
"X24937",1.22796352583587
"X24982",1.05894736842105
"X25055",1.56707317073171
"X25071",0.961397058823529
"X25084",0.911654135338346
"X25104",6.13253012048193
"X25185",1.25065274151436
"X25198",1.47150259067358
"X25203",2.02951699463327
"X25207",1.48837209302326
"X25214",0.44456641053787
"X25245",10.6363636363636
"X25260",0.808394160583942
"X25262",1.49046321525886
"X25272",1.57028112449799
"X25285",0.947252747252747
"X25299",0.848249027237354
"X25301",0.645380434782609
"X25354",0.875216637781629
"X25362",1.49842271293375
"X25365",0.903930131004367
"X25429",1.56565656565657
"X25441",1.61206896551724
"X25453",1.30769230769231
"X25458",0.840073529411765
"X25488",1.33091787439614
"X25491",1.30573248407643
"X25506",0.806797853309481
"X25514",1.50645161290323
"X25543",0.844357976653696
"X25561",1.51020408163265
"X25578",1.58666666666667
"X25585",1.64102564102564
"X25593",1.26791277258567
"X25594",8.90196078431373
"X25596",2.15492957746479
"X25634",0.741496598639456
"X25658",0.490909090909091
"X25661",1.52715654952077
"X25676",1.40875912408759
"X25718",0.942903752039152
"X25720",1.42506142506143
"X25724",1.20526315789474
"X25755",1.07865168539326
"X25768",0.737248840803709
"X25773",1.6675235646958
"X25804",1.52027027027027
"X25811",1.48852459016393
"X25820",1.33913043478261
"X25827",1.0375
"X25836",0.920634920634921
"X25845",1.1340782122905
"X25860",22.5483870967742
"X25864",1.64012738853503
"X25895",1.44666666666667
"X25917",1.53896103896104
"X25919",1.10594795539033
"X25947",1.40338164251208
"X25968",0.829076620825147
"X25973",1.17109144542773
"X25985",1.48626373626374
"X26006",0.836660617059891
"X26057",6.5
"X26093",1.42532467532468
"X26113",0.680817610062893
"X26121",1.11111111111111
"X26153",1.49056603773585
"X26218",0.310223266745006
"X26230",0.371739130434783
"X26263",0.802884615384615
"X26362",0.697892271662763
"X26373",0.575539568345324
"X26374",0.799301919720768
"X26406",1.5609756097561
"X26416",1.52112676056338
"X26437",1.39595375722543
"X26442",1.05932203389831
"X26471",0.023353751914242
"X26513",0.928012519561815
"X26569",0.588235294117647
"X26596",1.43031784841076
"X26689",1.53398058252427
"X26732",1.36601307189542
"X26777",0.505115089514066
"X26792",1.10534846029173
"X26838",0.81342062193126
"X26840",1.68652037617555
"X26886",1.47151898734177
"X27021",0.732342007434944
"X27027",1.7093023255814
"X27029",0.0570175438596491
"X27072",1.63898916967509
"X27156",1.45954692556634
"X27183",0.701570680628272
"X27198",0.906439854191981
"X27226",1.46296296296296
"X27238",1.54054054054054
"X27247",0.640575079872204
"X27290",0.735152487961477
"X27307",1.51013513513514
"X27333",0.985239852398524
"X27386",1.28824833702882
"X27387",1.46111111111111
"X27391",0.470170454545455
"X27394",0.870967741935484
"X27430",1.4747191011236
"X27437",0.694589877835951
"X27492",1.36752136752137
"X27594",1.46131805157593
"X27637",0.739463601532567
"X27674",1.38790931989924
"X27715",0.79646017699115
"X27717",1.5406976744186
"X27726",0.774576271186441
"X27738",1.50148367952522
"X27768",0.584821428571429
"X27843",1.62545454545455
"X27855",1.61111111111111
"X27883",0.662280701754386
"X27898",0.770614692653673
"X27977",0.796976241900648
"X27985",1.54985754985755
"X28012",1.46666666666667
"X28026",0.709864603481625
"X28060",0.710914454277286
"X28087",1.50263157894737
"X28108",0.56508875739645
"X28110",0.497757847533632
