"","x"
"1","X646"
"2","X1130"
"3","X1364"
"4","X2028"
"5","X2035"
"6","X2371"
"7","X2520"
"8","X2532"
"9","X2586"
"10","X2622"
"11","X2716"
"12","X2882"
"13","X3074"
"14","X3096"
"15","X3130"
"16","X3170"
"17","X3257"
"18","X3472"
"19","X3760"
"20","X3780"
"21","X3791"
"22","X3874"
"23","X3880"
"24","X3881"
"25","X3985"
"26","X4184"
"27","X4284"
"28","X4424"
"29","X4517"
"30","X4612"
"31","X4950"
"32","X5032"
"33","X5104"
"34","X5124"
"35","X5197"
"36","X5213"
"37","X5249"
"38","X5299"
"39","X5301"
"40","X5320"
"41","X5374"
"42","X5668"
"43","X5852"
"44","X6119"
"45","X6250"
"46","X6757"
"47","X6954"
"48","X7103"
"49","X7169"
"50","X7188"
"51","X7383"
"52","X7423"
"53","X7473"
"54","X7818"
"55","X7836"
"56","X8073"
"57","X8087"
"58","X8569"
"59","X8675"
"60","X8842"
"61","X8866"
"62","X9157"
"63","X9163"
"64","X9256"
"65","X9494"
"66","X9590"
"67","X10001"
"68","X10334"
"69","X10435"
"70","X10608"
"71","X10745"
"72","X10896"
"73","X10922"
"74","X10931"
"75","X10944"
"76","X11140"
"77","X11383"
"78","X11397"
"79","X11491"
"80","X11796"
"81","X11998"
"82","X12270"
"83","X12619"
"84","X12622"
"85","X12624"
"86","X12626"
"87","X12710"
"88","X13019"
"89","X13076"
"90","X13294"
"91","X13441"
"92","X13487"
"93","X13874"
"94","X14494"
"95","X14546"
"96","X14643"
"97","X14742"
"98","X14756"
"99","X14975"
"100","X15305"
"101","X15450"
"102","X15798"
"103","X15872"
"104","X15973"
"105","X16163"
"106","X16234"
"107","X16310"
"108","X16347"
"109","X16428"
"110","X16465"
"111","X16528"
"112","X17113"
"113","X17116"
"114","X17129"
"115","X17240"
"116","X17264"
"117","X17697"
"118","X17745"
"119","X17799"
"120","X17816"
"121","X17861"
"122","X18059"
"123","X18197"
"124","X18653"
"125","X18664"
"126","X18824"
"127","X18858"
"128","X19089"
"129","X19238"
"130","X19360"
"131","X19395"
"132","X19575"
"133","X20089"
"134","X20409"
"135","X20631"
"136","X20872"
"137","X20943"
"138","X21011"
"139","X21335"
"140","X21344"
"141","X21411"
"142","X21429"
"143","X21986"
"144","X22193"
"145","X22643"
"146","X22971"
"147","X23318"
"148","X23382"
"149","X199"
"150","X448"
"151","X536"
"152","X792"
"153","X1350"
"154","X1425"
"155","X1928"
"156","X2203"
"157","X2393"
"158","X2547"
"159","X2777"
"160","X3590"
"161","X3784"
"162","X3788"
"163","X3840"
"164","X4375"
"165","X4397"
"166","X4399"
"167","X4516"
"168","X5529"
"169","X6052"
"170","X6880"
"171","X7443"
"172","X8298"
"173","X8835"
"174","X8952"
"175","X9061"
"176","X9321"
"177","X9789"
"178","X10378"
"179","X10461"
"180","X10617"
"181","X11031"
"182","X11553"
"183","X11594"
"184","X12537"
"185","X13254"
"186","X13257"
"187","X13707"
"188","X14057"
"189","X14125"
"190","X14578"
"191","X15118"
"192","X15809"
"193","X15810"
"194","X16173"
"195","X16223"
"196","X16292"
"197","X16293"
"198","X16849"
"199","X17049"
"200","X17410"
"201","X18129"
"202","X18705"
"203","X18758"
"204","X19129"
"205","X19297"
"206","X19466"
"207","X19548"
"208","X19682"
"209","X19754"
"210","X19814"
"211","X20719"
"212","X20912"
"213","X21023"
"214","X21768"
"215","X22490"
"216","X23360"
