"","PC1","PC2","PC3","PC4","PC5","PC6","PC7","PC8","PC9","PC10","PC11","PC12","PC13","PC14","PC15","PC16","PC17","PC18","PC19","PC20","PC21","PC22","PC23","PC24","PC25","PC26","PC27","PC28","PC29","PC30","PC31","PC32","PC33","PC34","PC35","PC36","PC37","PC38","PC39","PC40","PC41","PC42","PC43","PC44","PC45","PC46","PC47","PC48","PC49","PC50","PC51","PC52","PC53","PC54","PC55","PC56","PC57","PC58","PC59","PC60","PC61","PC62","PC63","PC64","PC65","PC66","PC67","PC68"
"B17",-0.0858705811267533,0.0547170600490245,-0.0394311995524689,0.00234358840467305,-0.0645079078781748,0.108847855270049,-0.0187386085152217,0.067547711179124,-0.044487250772009,0.0688127232245156,-0.185098218107497,0.0729769759343128,-0.160430801539345,0.0263190842945664,-0.0190849283788434,0.0899668264390506,-0.0318413575252536,0.112475875661031,-0.0187337475625217,0.0735065913668671,0.00244917474761884,-0.0407844998509785,-0.0438509282055083,0.0350066035834569,0.00765620719278264,-0.0430566275082803,-0.0763927278028749,0.102303066448265,0.0238090400994121,0.0421611393681345,0.0221119573125725,-0.0573581519351725,-0.0196214144712324,-0.0432192203200231,0.0264109297894071,0.0315244917114436,0.041680796699485,0.0430501197964961,-0.0360437532184196,-0.0281926756752792,-0.0522645755130424,0.00819773071023289,0.0331084291413763,0.0456704149904113,0.106374377812825,-0.0496298653018867,-0.0333385684450768,-0.0646794307237748,-0.000548912354414555,-0.0691597283794925,0.00495460849275033,0.0332116329548479,0.0585304152270068,0.0205986604198167,0.0507912789374026,-0.00240142822830948,-0.101851763352014,-0.0417398643362388,-0.0352631324488467,0.041168117477142,0.0659585318960744,0.0475741849978477,-0.0349338113624493,-0.0394837646772351,-0.0462759880341149,0.0178543667497292,-0.0286612261949746,-7.04670696793919e-14
"D10",0.288637749569862,0.16235527367163,-0.129218565492915,-0.0421679099100751,-0.0305935366392061,0.0529033308035254,-0.0295601138423912,-0.0414048069481275,-0.0661832902313359,-0.0193046200349885,-0.113949003709456,0.0855448130916106,-0.0120430939200636,0.0342422700132072,-0.0831936792020219,0.146348924517804,-0.107392902239911,-0.111667517766236,-0.0623206988836167,-0.208500528203764,-0.0536932787307483,-0.0628426582033217,0.018354359909561,-0.0321886824378184,0.0659461634520959,-0.0408087627124698,-0.0554309413649172,-0.0382296499391361,0.0106984629702353,-0.0401601976177724,-0.0832556306998493,0.00996194575177493,-0.0462047394889688,0.0159761719349023,-0.0119556369915984,0.0619121892711198,-0.017910351080131,-0.00124581828342693,-0.0443910914739382,-0.0206283275497366,0.0276962997677316,-0.0533498833512062,0.0326901433132426,0.0523823636066503,0.0504216922924896,-0.111990458699245,0.0735121154264225,0.0895191370271993,0.0263651583121522,-0.0216444636631838,0.0186512869264707,0.0250490995160916,0.0278652565280913,0.0368780190878555,-0.0615408822351863,-0.0246297162269159,0.0390870542033842,-0.0113263841928489,-0.0219782883491713,-0.0217861432295482,-0.0458272269409273,-0.0141883414335651,-0.0694469303341447,0.00220358216490348,0.0564130288568441,0.0161527439410014,0.0132694956184435,-7.05249660754026e-14
"A13",0.188534667581806,0.143876421685027,0.130817966814336,0.00191043000377623,0.125644433143983,0.190159786347867,0.0255326788983805,0.160354325649575,-0.0420518146499536,-0.111636300674719,-0.0837299547130389,-0.0172976598956982,-0.0190946506570703,-0.164645822150036,0.0595974340754379,0.013416761692583,0.0212239605306945,0.0214903054919539,-0.0672506206010708,-0.0429993602961044,-0.017865120420621,0.112896046513683,0.0566259739474465,-0.0139000808866967,0.0117084254770865,-0.0542485393634634,-0.0769481055158413,-0.016138162599404,0.0183880084654822,0.043346706833014,-0.103242482099547,0.00919232544205781,-0.0964591393222075,-0.00799914300276338,-0.0706042730267328,-0.0520003396631277,-0.00998888002596076,0.0293479501226735,0.0736723466240556,0.119395651616949,0.024668057764764,-0.0518560217227291,0.046624122255593,-0.0147248238111221,-0.0240218466906833,0.0183195909939286,-0.0892342331012065,0.00877208677267253,0.0259595115619384,-0.00527694994164018,0.0644324713508636,0.0835924945427373,-0.0214696436684267,0.0302556357964195,0.112831996656564,0.0564410309115016,0.033091256306061,0.0133450424398372,0.0393190288781,-0.0371453892183445,-0.0112436305700049,-0.00370931432183076,-0.00747884079539907,0.00782460684324742,-0.0184606710164808,-0.00442725150719121,0.00632840684398583,-7.04514995197554e-14
"D18",0.271345090216726,-0.0832178641968131,-0.291268142474364,0.0542796523143635,-0.0406596642483358,-0.0137449929551901,0.0746445494790715,0.0499899783339511,-0.0613020798169866,-0.137636517620884,-0.0123376276120794,-0.0259200180908168,-0.0247688727558815,-0.0350934863002493,-0.0476224425698455,-0.0684978944107121,0.0974737880616887,-0.0644860778781606,-0.0126892244499448,-0.0249936860724307,0.00234463684257696,-0.0157840906432834,0.0188409717054001,-0.0259680183262815,-0.0921183125246543,-0.0855948106286071,-0.113888595848341,0.111634576201787,-0.01610958920582,-0.0286204427265739,-0.0250932453838463,0.0944719103105755,-0.0304883875688668,0.00293647721451303,-0.0151540065011365,0.0533152055989939,0.142160978409304,-0.0886825754953628,0.0194202322975905,0.044212784957453,-0.0211846454031472,0.0509354353167697,-0.0391960189349005,0.02982480302175,-0.0158718244552366,-0.0457026640188258,0.0360777019648449,0.00375709486771815,0.0726612666048948,-0.0098392767630044,0.00553057842467857,-0.0504328303763717,-0.0236430535874812,-0.0676203588535398,-0.0314102145645498,-0.00503300978168005,0.0325994118080212,-0.00435822314911116,0.0196350404279951,-0.0267988548977238,0.0587970294576166,-0.000385925475318504,0.0626740237025399,-0.0481523380731006,-0.0570663126200924,0.0361154434977053,0.0489958486942142,-7.04682894068359e-14
"B14",-0.0482449545459874,0.116940169248054,-0.0932346860335022,0.158351804258032,0.243219547242086,0.110932171857433,-0.023769648255956,-0.0683012961966506,-0.0550613581552638,0.0332524608577908,-0.150026644508881,-0.12005313397196,-0.16574026590141,0.0179257994476379,-0.0528204061305285,0.0282503088650028,0.0117223489020512,-0.0344236173047204,0.151990955942492,0.018556867379028,-0.0789318206735678,0.0107812852333978,0.0129485292047795,-0.0489422821960075,-0.0420633514201288,-0.00634355026135734,0.00312142190516242,0.0255028842505789,0.030489509194782,0.0167997675270151,-0.0204185820705952,-0.0260294520206342,-0.00441719542302893,-0.0265163463762538,-0.0851005588203579,-0.00709361144593043,0.0293856667646226,-0.0396498309270096,-0.0410462477112385,-0.00295240331680522,0.00495199528790018,-0.0408406416507083,0.0692240660116398,-0.0428052108773051,0.10339487825948,0.0614168027413473,-0.0685298465002915,-0.00612081048442944,-0.0224214878228969,0.0714436803630344,0.0240440635106826,-0.0439203684587156,-0.0309622464806289,-0.0697254233426605,-0.0688977443206921,-0.0364194484231238,0.00240939184100721,-0.0352430309114953,0.0327399643953761,0.0635862098459706,-0.0546865628313398,0.0217296506029013,0.00924309355214381,0.0621703653242824,-0.00725897710712085,-0.0428733614126582,0.0375375178484087,-7.04695226868071e-14
"C07",-0.433852858895206,-0.00821481881126726,0.0969593987067228,-0.066499864194329,0.0517884897979695,-0.17741982488466,0.105482005120956,-0.0301278924883199,-0.206008117217222,0.0588917555002633,-0.0225498038811456,-0.0460182501862279,-0.00311053134599093,-0.120982316710803,-0.190771539976822,0.033641430444089,-0.017167502972352,0.021726786589204,0.0056082469007246,-0.103781912919062,0.0355998587916891,0.0653026874875069,-0.113786592147733,0.0453056463760805,-0.0539284835847041,-0.0939559865759893,-0.0347491634071989,0.039585954065658,-0.00871532900285401,0.0557982038927355,-0.0461383591779201,-0.0346577594758585,0.00986983222058858,-0.152747038289564,-0.00775381272403749,-0.107861890118761,-0.0347134924770808,-0.0206359375921419,0.0440433966569231,-0.00306130551954763,-0.0235365878835405,0.0133950212758816,-0.0446239087372475,-0.0732218812117553,0.0626477829873336,0.00356328540892386,0.00516860058282527,0.0500748465536811,-0.0686607771939244,0.018730892499633,-0.0811568985037037,-0.0294449263419579,-0.00588458664600381,-0.0119133107289613,0.0163547352487794,0.017438809848866,0.0187311274620926,0.0469792696634583,-0.0356734360226362,0.0107001978680192,-0.00377100545511615,-0.0415264438860569,0.0137690883300468,-0.0457619088929572,0.036638565154313,0.0502089990386006,-0.0134782556632863,-7.04039691129532e-14
"B06",-0.0631806052233186,-0.136641263804227,-0.0484041157876071,-0.182078665916845,-0.00689659535066911,-0.0602869758425459,0.0795809262694893,-0.106798856898575,0.0201975552388796,0.125774222082124,-0.146995317428991,-0.0143392158955546,-0.0441066038218458,0.0188221781838584,0.185958648508764,0.105180948967291,0.0823938673124003,-0.0517345232452607,-0.0294379904962138,0.0385533053186971,-0.049233289143484,0.0492572413738453,0.0221510518289438,-0.00260870257617272,-0.0352144059093776,-0.0140650104313313,-0.139702167374669,-0.0251726159194564,-0.00938254751676558,0.00962586086149943,0.0102639518828483,-0.0347332117910284,-0.00515298088188075,-0.0220017764238712,0.0223646583702775,0.0555135150739936,0.0149652462079664,-0.0443991727897884,-0.0747353600085677,-0.0176456613012492,0.0162905407148491,0.036312196472577,0.0574441264594659,-0.0557518263687763,-0.0157261718060644,0.0331346492837424,0.0373182993364596,-0.0415999066122595,0.03103108880368,0.00549287040747955,0.055373696387242,-0.0326196900832289,0.0309396514198257,-0.0239057772617646,0.0457459057052149,-0.0288287134863623,0.0320422900621218,0.0213489516819967,-0.0181446471030562,-0.0580881082885202,-0.0237735363620702,-0.00234258535678885,0.0732437204691719,-0.0196476968731737,0.0810594834560499,-0.0418625720670415,-0.0953056223587797,-7.0382935590807e-14
"B04",-0.0737531477907506,-0.243052329971124,0.123607837922785,-0.101088613828818,0.238943314542156,-0.0313357830042537,-0.222199253590212,-0.0419593226741159,0.073220366089467,-0.0525756011423298,-0.180849930058106,0.0813059530607562,-0.076419767456519,-0.0304347680822933,0.00855482140665029,0.0925624914818551,0.00134025526251612,-0.0491288598755694,-0.0102814521311457,0.0130886036375555,0.0324047213411972,0.0286742333843076,-0.0838936815836788,-0.125311454835962,-0.0448357620675565,0.00549394914923677,0.00720816326571484,-0.0592022186412137,-0.0175694930038744,0.0046764644772451,-0.0418770594392881,-0.014288346821626,-0.00898650979783918,0.0327299388689279,0.0133512448619137,-0.0613890602569353,0.00133799522145322,0.0200659698165175,-0.0337048286507989,-0.0656168260528702,-0.143445750849441,0.0894886648557966,-0.06544871538802,0.0339269429938454,-0.0712474661357871,-0.0538309544503781,0.0247431546186197,0.0161883786857132,-0.0174716780528439,0.0459312220813715,0.0246032972125729,0.0719306530095231,0.01956908974293,-0.0451241359448619,-0.032800741799594,0.0745969454950283,-0.0056416864288938,-0.00659868576946963,0.0492925558769418,0.0201095584850231,0.00613359859660848,-0.0310468084615923,0.0174231456684902,0.0565437608676048,-0.0243794304260442,0.0244614595313312,-0.0256720912664171,-7.0362877850616e-14
"D08",0.261192779394774,0.109327398091983,-0.0234204971849073,-0.167167913655981,0.0178675971686706,0.0828258263802515,-0.112874521820342,-0.0365086813996154,0.0917640631797188,0.00294803763399081,0.0795773177077011,-0.0476598208499955,0.122207127572641,-0.103694050608827,-0.0543256689813043,0.0969761228771757,0.0940355651306047,0.0910397098372846,0.0206681344388326,-0.0364537328926848,0.068792172743848,-0.0398388981934003,-0.00453979374758882,0.0764005398209695,-0.0159270735432394,-0.0336063578494528,-0.0690813614438701,0.0295506342357286,0.0279026921601623,-0.0148675993973056,0.0147842639112178,-0.057947014175269,0.0502878950053815,0.0205892223495075,0.0147933144246283,-0.0806201650363298,0.0567010381868715,-0.0420435811741269,-0.028994887828433,0.0281618522105809,-0.0817979851220101,0.000879345835416658,0.0131049368218208,0.109843377773211,-0.0796230769643355,0.00820600350075349,-0.0722045910706546,-0.0555230856180685,0.0135610483851842,0.0994034906181464,0.00591013901925157,-0.0396155203473707,0.0538827222757157,0.0101555137783411,-0.0163815063428327,-0.00824081382535015,-0.0086624805479346,0.0242549330162863,-0.0729770577518193,0.00173919607717361,-0.0429175451861883,-0.0360100584000623,-0.0546842012449091,-0.0440132953213784,0.0188460157305849,-0.062382726334277,0.0397217286572105,-7.05496452273538e-14
"C11",-0.360414345068035,-0.108854829151677,-0.114858155957189,0.106399475395923,0.238319140224487,-0.142100394280361,0.17601448546913,0.100162671270765,0.183540750507777,0.0721225408003543,-0.070516968639291,0.0913315358006575,0.065717801467199,-0.0879977574612874,-0.0716663256862675,0.0708705531833944,0.0692312248399374,-0.0365365570532657,0.013798836068045,-0.058454847981099,-0.0829566232805328,0.0191810150149033,0.102101174137888,-0.00260330579325668,-0.0322537359485366,-0.00596999591545033,0.086961356457605,-0.0616982344088596,0.0745475321729524,0.135610865805273,-0.0258382249136136,0.121273212565535,0.2121827944285,0.014783901861721,-0.0447469181139492,0.0238090241241331,0.0397132409966134,0.00677389839056812,0.0513512451541822,-0.0628727635262415,0.025434142789989,0.0185187482792869,-0.0277148653961167,0.0256628164632634,0.00099062617747401,-0.0677530314307005,-0.0725607142454807,-0.0173597203604753,0.000569710080213657,-0.0343039747999199,0.0202688339246253,-0.0228918067813156,-0.00779436813017763,0.0635744406969076,0.00590432129399768,-0.00961948385338676,-0.000674337449001112,-0.0194181774203912,-0.00406045664037006,-0.00612269687007945,-0.00608472967206323,0.00411298450109052,0.00599111581032457,-0.0119140732973858,-0.00275855769930821,-0.0138898901045896,-0.0156785098926199,-7.04332425716103e-14
"C15",-0.458599453499561,0.187341441421597,-0.2248824966829,0.00987136309258743,0.00523795101879066,-0.126471046904092,-0.0657937267456481,-0.0327303669949879,0.0195215584485002,0.0237684227537377,0.0258717352903278,0.294921964911297,0.0259279365486212,-0.181631338207597,0.106162102241921,-0.12945167137902,-0.0975142539011443,0.077935542392262,0.115426375860772,-0.050037215573075,-0.0532535668056923,0.0870009998976273,-0.0384734191532845,0.0316331381378301,-0.00901932705445926,-0.0768724896663337,0.0719594438898375,-0.0364458737573254,0.166056345481373,-0.0503195403676391,0.0908036299056929,0.00953726997023294,-0.0584256824786563,0.0243554951726824,-0.0307775383781088,-0.0403210836381033,0.00572867585708164,-0.124417420396322,-0.0819994698894308,0.0455017417063525,-0.0315752871542177,-0.0291484521968856,-0.0201899364360619,-0.0520598243771011,-0.0231971817974303,0.0363328320535905,0.0579403354077915,-0.0148115321247693,0.0241341670432424,-0.00750825754779243,0.0269398097908432,0.00992306961935165,0.026314749155582,0.0224161930353558,-0.00340340284390939,0.00547645493761203,0.02151033553893,-0.0162157590384501,-0.00852043764080821,0.00872130042681811,0.0146712992606255,0.0393381360243381,-0.0281792323166351,0.00527500858882451,-0.0116320882301739,0.0165887584819038,-0.00637032829426403,-7.05084319922722e-14
"B08",-0.108197109110632,-0.0955715987041162,-0.00801021532468537,-0.181294684305998,0.0924608515952734,0.0602983959863068,-0.0975463980367,-0.0594763396181961,0.211245832037933,-0.0170022365097238,-0.157169133922643,-0.0948310819527276,0.046737734546866,-0.0979847146385169,0.0128599894960778,0.111998339446861,0.162588134143823,0.0691400456195826,0.0832153812271569,-0.0232657466645804,0.0556797222785742,-0.0109772600687457,-0.0159326995395337,0.057888310474409,0.096323402119101,-0.0234977445639705,0.00284629523363225,-0.00878285328376856,-0.038762488205865,-0.0250915184180068,-0.00317336591601052,-0.0164538897270823,0.0292996703994995,0.0412934924603155,-0.0381767410464069,0.0539706171619977,-0.0255081154878935,-0.0140540830968335,0.046852023033276,-0.0493196944116275,0.0405962255797254,0.0351232414994395,0.0129256150925247,-0.0782075337718145,0.0221120979425647,0.0687143544650197,0.112233598823683,-0.0300083140875305,-0.0200717142124157,-0.0685677767464452,-0.0254066578360843,0.0398389551035224,0.0198998020256537,0.0052186850518837,0.0167742999049503,-0.0587312309340601,0.00420990762016607,0.067923998542024,0.0693196168530678,0.00438976858286331,-0.00126418713451832,-0.0129143170666122,-0.0446671745908658,-0.0304202519831462,-0.0362464434316737,0.0132583918534874,0.0700478284476312,-7.04804053661134e-14
"A08",0.276047462309299,0.0773011248098868,0.0136343313753205,-0.165095216870828,0.152950659363412,0.0264520619722376,-0.137355532815537,-0.00228174604389199,0.152152799971659,0.0172762128456176,0.000473930311937105,-0.0457829156451291,0.107034782429445,-0.0945958794458233,-0.0122419750034287,0.0366055734754197,0.139613475799815,0.050049538569836,0.0308453091133568,-0.0545719943940932,0.0041481314142982,-0.00391214030868051,-0.0921705709345652,0.124355319414481,0.105235796750408,-0.0137599153533948,-0.0251852927890257,0.0337766934198727,-0.0179007126823505,-0.0228403338553488,-0.052790938580674,-0.0353979960974276,-0.0127942479488323,0.0675292244191369,-0.0282100721754578,0.00999107268486317,-0.0518944339467527,0.0210374197004469,0.0312497166261386,0.0130311407423241,0.0443400003508086,-0.0657625823975075,-0.0270113510150238,0.0241333665666622,-0.00545020037518578,-0.00731219031876955,-0.00154771064059125,-0.00216937981814491,0.036504266968665,-0.0166530104826213,-0.0372493939027221,-0.0606071315736849,-0.117609342175669,-0.0343505680695203,-0.037437791774982,0.031068223860562,-0.000512202605477322,-0.0672449647758709,-0.0491369757423464,0.0210382057648359,0.0510794448530732,0.0557105202590991,0.026226118210159,0.0469852592352833,0.0165410479860213,0.040113127436882,-0.0762037294946218,-7.04592905288043e-14
"D05",0.222141852237757,0.16658281681931,0.186014593296871,-0.0859104580172213,0.0867585390923563,0.0550808648756626,0.0948671605077773,-0.0404171889118929,-0.0503963083563332,0.00201380076756473,0.161827469103014,0.13093587224005,-0.00705044049754859,-0.0760217876974921,-0.057292817455735,0.114845391179305,0.0123725947607569,-0.0826942594022392,-0.0158013060378861,0.0199346111064847,-0.138440370589904,0.0182761365405708,-0.012487062517136,-0.0221195159817664,0.0214880925194946,0.132930199432314,6.72941371073567e-05,0.0152699609132063,0.0104408227644164,-0.0441822647060621,0.0852103542660337,-0.045240886828226,0.0351498813763663,-0.0419846295268445,-0.119411839459929,0.108375924319264,-0.00415344583290633,-0.0698728862413347,-0.0168684970393769,0.00426405412233596,-0.0294667759736802,0.0293066028538512,-0.0650064941396727,0.0927833704608736,0.0648865978129331,0.0754388997817747,0.00199588504866707,0.0247857343916996,0.0423056148593707,-0.00340265058028601,-0.0579264956222427,0.0481803596257909,-0.020349203231118,0.00538960487768275,0.0196897917782863,0.0505419595349441,-0.0743975395729429,0.0657145376779386,0.00549985456223937,-0.0352327195543037,0.0112754486457453,0.00358227783432793,0.0387575703903534,0.0224842436690155,0.025122626418937,-0.00811316680512615,0.0220056935753018,-7.04999481102725e-14
"D13",0.276591785582547,-0.0729153038258657,0.182813000835851,0.0823382923061539,0.070419745677673,0.138838697111782,0.0499562211414159,0.167781530834876,-0.104156324056166,-0.098014657006605,-0.0520139542313945,-0.00652348294354008,-0.00653380059196304,-0.182451280075566,0.0509670787699485,0.00989769139547202,0.0179779275163769,0.0788420631503041,-0.0808237507401438,-0.00445916067025436,-0.107164415345153,-0.0687725449297628,0.124544984748974,0.027594424327235,-0.0044799610589187,0.0793254829459508,0.0715331548088319,-0.0178534573132873,0.0819950672589518,0.0161701845570378,0.0385714599689848,-0.0616859705855664,-0.0756922662215238,-0.0671532896746218,0.0126230722329785,-0.0376586071208484,-0.0386158368778613,-0.0381505681614003,0.0234036549353231,-0.0422881164656277,0.111196252113818,0.0622679393173242,-0.0179359347780052,0.0470899415985111,-0.0622464103211548,-0.00757191187677913,0.0447752354195388,0.0275804936912419,-0.0334845749821222,-0.0338481806159028,-0.0517285996349948,-0.0307298092437819,0.0769586969458421,-0.0831889788367233,-0.00384846875255032,-0.0587196767287969,0.0186200820910388,-0.0583025579440545,-0.0220689221945609,0.0300679656784098,0.00861168110831205,-0.0456745351765459,0.00806291654737362,0.0142681141673871,-0.0224706754948601,-0.0218647198183038,-0.0199386800019009,-7.05699604655607e-14
"A09",0.211603739355973,0.434591705333666,-0.124539685573859,-0.14114084551164,-0.0802498853286864,0.0746453271196684,-0.130460025040745,0.0485472106951883,0.0492221032160538,-0.0636527179076481,0.0656508000169396,-0.064229163292475,0.171409566604817,-0.00807002456025434,-0.109397662652596,-0.0717610726241204,-0.0119500930263841,-0.0739266988381198,-0.0530024801177613,0.0725195626778772,0.00350991230155392,0.0345220214338547,-0.0572360480661372,0.0569206136198185,-0.194541769489573,0.126295540872646,0.0263848832056233,-0.0690575376392324,0.0179985522585433,0.0774781762462867,-0.0112550102893941,-0.0337459217614672,0.0153596475259324,-0.0970277979397222,-0.015889458809751,-0.0209522895200067,0.038270853871917,0.0655132161718811,-0.0241572833001658,-0.00239492571221142,-0.0123695423578066,0.111645779191302,0.054976459739003,-0.055799610936999,0.0309741929964383,-0.00553303105968834,0.0464490175808673,-0.0431890935044217,0.0308089723701076,-0.0404797986238234,0.0429147704562126,0.0721506616202021,-0.0588024168350041,0.0104011300632788,-0.0363942937798137,-0.0374311671088323,0.0373707666760145,-0.0189169979174229,-0.0325096829758434,-0.000389140552928343,0.00898798396815959,-0.000848591124521833,-0.0162620238127494,0.0107323503381854,0.000192394804874089,-0.000316033254920479,-0.00552845038592648,-7.05524777055294e-14
"D03",0.300103990812606,-0.025861009920778,-0.0651300630046112,-0.0507128363799235,0.0600545268883416,-0.0103266742913071,-0.0408578258633825,0.0223979980536631,-0.00118009588922662,-0.042575771758532,0.137729246534282,0.0334593164751547,-0.085175379316774,-0.0468469149911531,-0.0278135967360616,0.0281389188045222,0.0469256199574182,-0.0375478184926361,-0.0698954863528356,-0.0713951523976011,0.00666759524473057,-0.0540352643348647,0.0899445867275542,0.030303288846835,0.0124135728593178,-0.0430312748282552,0.0599978958686547,0.0444489366967395,-0.0509423589301877,0.00204618692698072,0.032687061141522,0.0136104463766984,-0.0478389365558557,-0.0621711544047358,0.113132453097744,-0.100099009701138,0.0222503819846854,-0.0483696226138823,-0.113614959644416,-0.124751252648193,-0.0347596107105978,-0.0133431840455778,0.0193178653707832,-0.0313041841060176,-0.04147693498224,-0.00838785330569283,-0.0293241718909456,0.00812910887300169,-0.0440152479147942,-0.0486893599898443,0.0166702868201685,-0.016069903359267,-0.109257178532663,0.0134113533173809,0.0602284555877765,-0.0266048341457613,-0.0528337714203275,-0.0169817493605356,0.0803776045449824,-0.0248277565301522,0.0281256906085781,0.0386965164690912,-0.0119213420673205,0.0109706747841161,0.0675522595775074,-0.0175452953077753,0.0390341832396188,-7.04358446568243e-14
"D12",0.259536581399276,0.188051706071836,-0.0510980994194865,-0.068215978727778,0.140565402763921,0.0128928702036922,-0.0321613101866362,0.0163298002940131,0.118080519625517,0.0119694916501087,-0.000235011699232786,-0.0177445839215376,-0.00450981105402869,-0.035884353140109,-0.0664125938794709,-0.061064359385529,0.02420597233141,-0.0471699383866265,-0.156547422025046,-0.0249037404118234,-0.0904287213474175,-0.0062412096659963,0.00392430926291519,-0.064159954290252,0.0436056530227467,-0.0421939347405946,0.178270670410598,0.0773912851464737,-0.0341699040933478,-0.0250587573489429,0.00693663417876586,-0.00816264421443848,-0.0201199536784278,-0.0324735104039594,0.169291998469446,0.109736728652967,0.0247132199083429,0.015150686340295,0.0704724089892838,0.0637222169320376,-0.0487814472266748,0.0202215105399048,0.0117180140035817,-0.0417600072951282,0.0504886433979641,0.0628979896698639,-0.0118123757016491,-0.0695147091944329,-0.00308976465777111,0.0571988287656272,-0.00499421769951862,-0.0661732877364327,0.0851503981884494,0.0314775028687323,-0.001856336703925,0.041055628360904,0.0277608056771692,-0.0239854233351829,0.0304804172308605,-0.0182250169177709,-0.0104339910045799,-0.0171350490466259,-0.0184927535682647,0.0210138941239284,0.0188488481579797,0.0488400745924901,-0.0157121487042492,-7.04847421748034e-14
"A15",0.311620961201374,0.217501617741351,-0.122427122127038,-0.0325477343001039,-0.0592388353782333,-0.192263963512403,-0.0475189020001653,-0.0683007014849303,-0.000356047819302343,0.0893859059830335,0.000656034322605155,0.157671813312705,-0.10106954459477,-0.154060195994218,0.0570174072266816,-0.145459268023078,0.0608781955552241,-0.0330792766052207,-0.0141132293691266,-0.082408045119381,0.031148610564794,-0.0533730203190629,-0.0667147289296586,0.0136104899592046,0.0974367122357098,0.110288305382295,0.0108421633111655,0.0204124681946544,-0.0545927896374946,-0.0303283459126427,-0.056478218063693,0.0108900975731517,-0.00684498095805882,-0.0730660852558289,-0.0013634703435047,-0.0208228302395405,-0.0197760711361861,0.105901896470816,-0.0145950996430127,-0.00470423786785336,0.0738962610435717,0.00881293798062198,0.00456082307249714,0.00430271873863567,-0.0126459101968462,-0.0246179816883669,0.0235486579106745,0.0133425684713334,-0.0113076578059485,0.0420120828211523,0.0682928841026072,-0.0269699937652544,0.000373574725373371,0.0299596635381181,-0.0102283974460965,0.0118640624011655,-0.0706226012696731,0.0162627489167525,0.0213391674400413,0.0354214982300367,-0.0777786253547925,-0.00357438241478931,0.0774236904034673,-0.0588152723207274,-0.0730960232001864,-0.0280440743391594,-0.000499241114895199,-7.04748759350338e-14
"B10",0.0167947010584888,0.31111999170703,-0.192842759721564,-0.0741593250853275,-0.0419848865396782,-0.0417228497785484,-0.0453122108984958,-0.0480012575400941,0.00896078320967454,-0.0218763665681561,-0.104795841571371,0.0105644380879731,0.00554943713299198,0.0847410585520649,-0.0386332252879259,0.0685443757529301,-0.140103100270789,-0.106110300337482,-0.0571329494460633,0.0321075790025168,-0.0589903933472588,0.0329080984674383,0.0985216993169795,0.000660515061962139,0.0798347475517802,0.058551301701888,-0.0520351958977001,-0.0278752163298541,-0.0524607216985879,-0.0200797832759185,0.0144774216331081,-0.0174566103221054,0.0366359438699406,0.0676769390822437,0.0567736882584772,-0.0638741824505278,-0.0171417842118831,-0.0512830180318787,0.00138849128184278,0.000557407196639701,0.0437574934782034,0.0247657582220755,-0.0100382660215642,0.0214656151334355,0.00929578544706639,-0.00408714272434268,-0.00367497291897967,-0.000336510860534632,-0.0862061481925712,0.0288986580887021,-0.00652417060605498,-0.0443874990069143,-0.0135875333758956,0.0281121224545799,0.0480086168864227,0.0319527210749919,0.0926068800342457,0.0869872139170223,-0.0226073716733815,0.0786472669805593,0.100401362280659,0.0267265185421671,0.0174517015717992,0.0127754058501491,-0.0475890926142873,-0.0396003404161008,0.00349331788949433,-7.04517824287598e-14
"C14",-0.475087047950779,0.082209487056423,-0.142639161159073,0.401060345240649,0.392738767313537,0.211889744138335,-0.0945550544132345,-0.346280740702195,-0.239888377694011,0.180046722563496,0.0810521967793941,0.0072632633235315,0.145252282005413,0.0269639735723377,0.0917670932909951,-0.00496684263626095,0.0345508354800005,0.0863343935484035,-0.151116697327738,0.0613037661262102,0.10378170826236,0.0527090825259609,0.0517057300816002,0.0516128163755528,0.0549829824355869,0.0589524614220769,-0.0185554751959393,-0.0256840506544392,-0.021118837565964,-0.00277814618319022,-0.0326638783231753,0.0701872064872023,-0.0108444157061162,-0.0292724066650681,0.00405218823390685,0.0347493327372806,0.0610342704423156,0.0169395232050943,-0.0125417436959902,-0.00738581320404274,-0.00225552716932858,0.0217332063175192,0.0304917078466904,0.0172841681419698,-0.0287031604303215,-0.00112554805209768,0.0191942130846201,0.0238190477366107,0.00976842772023972,-0.0174873930780055,-0.024005844167091,-0.0171446813294695,-0.00831653421257753,-0.000704752154670448,0.00441761956542515,0.0232619853318164,-0.00268836566199206,0.0035546894100063,0.00797920750415408,0.00664272685420094,0.00513891185198536,-0.0123029849989141,-0.0279486180906694,-0.00560318492948483,-0.00300112026986275,0.0167978052657355,-0.00481081774158706,-7.05791761840269e-14
"C02",-0.504322868860909,-0.0434289100833969,0.217578673077464,-0.128533865360927,-0.00403980923076762,0.103758028018594,0.0227107006549093,-0.131651920652298,0.0409461861834983,0.0973856355741455,0.0518295124963267,0.0453574266774252,0.0288913673020756,-0.0451978729694561,-0.137918102722201,-0.156755401457716,-0.00584062811948206,-0.0181259837266816,-0.0752244850884114,-0.00705986838000455,-0.0508180899100709,-0.158689472537738,0.0982312458734694,-0.00594789678320538,-0.0585698306733517,0.076955059549641,-0.15877759819946,0.184654883244779,0.035182563447292,0.0477115814139978,0.063564684082894,0.0486783935134931,-0.0504564096065525,0.104530602057597,-0.0543963038555446,-0.0227711912258757,-0.136061371843612,0.0295045532436638,-0.0040133342918296,-0.0190421264384583,-0.0423426367076743,-0.00331254957050107,-0.0138017273654825,-0.0720207297484721,-0.00286316350813049,-0.0414516476576601,-0.00379753623724732,-0.0454094320388482,-0.0045224905102942,-0.0238750166549017,0.0215251808799928,-0.0310575079285501,0.0173348577417729,0.0231175319429104,-0.0140185148210149,0.0110301408218793,0.0208669395519346,-0.00145942440429608,0.00806840307690783,-0.0194673204092347,-0.0182719263498546,-0.0157994592352907,0.00151119436548793,0.0393344015268038,-0.0116333482016688,0.00076437010352035,0.0148449196720361,-7.0530820767134e-14
"A01",0.223501011899287,-0.164652045267028,-0.131282416640288,-0.128586074859779,-0.0700392745162832,0.0634231909206792,-0.094628857280835,-0.120210309304635,0.122688965151328,0.0278891152645779,0.168365211173498,-0.11066283874704,-0.0137200019035149,-0.0980216416138765,0.0220306048202032,0.0368650257031095,-0.164497794204136,0.0967945592004981,-0.101896263156798,0.0905909993662489,0.0197309934692408,0.0834864016946187,0.0474765566281983,-0.104541966758603,-0.051111653513533,-0.0399723337095859,-0.0149036346231691,0.107713079460936,0.0190619390746619,-0.0259637161017093,0.0209542127977025,-0.0766733305541753,0.153182050944147,-0.0497020476332504,-0.0457299447816158,-0.0366463441648488,0.0735626243010566,0.025550185588754,-5.85641408355435e-05,0.0448767089626378,0.0731371353022098,-0.126134320474662,-0.0501152397556564,0.0140222410221202,0.0100175722806295,-0.0306372689685633,0.0540552959429349,0.0124669693894343,-0.0848035767725537,-0.0343288333929787,0.0270259148399985,0.027002906015343,0.0210006571062481,-0.0154643516085603,-0.0376998459879503,0.00685671154161186,0.00711058085065877,-0.00957769340941271,0.0491278262450589,-0.0239000166627931,-0.00978943162855051,0.00868442350585028,0.0101850831519664,0.00785538355048094,-0.0041921259867318,-0.00149854593897979,-0.0241698622891541,-7.03900913251454e-14
"B18",-0.0309655294393522,-0.344125085204556,-0.290635758140942,0.16332615605523,-0.13827097565887,-0.0335108908175543,-0.050437711299252,-0.000772988048326454,-0.0270684844828095,-0.230412209497877,-0.0464881358474464,0.00961464521609898,-0.0400565074549016,-0.0479038143510397,-0.029163699768171,-0.0231332575074047,0.0527190012389684,-0.0602542588158967,0.0362484753292697,0.167081890186586,-0.0839154321934582,-0.0168270970599052,-0.0145999486581193,0.0581017233361345,-0.0302358067641706,0.0739101385390966,-0.0137316536469072,0.0347013949193734,0.0722262242189335,-0.0617741740905992,0.017860520756192,-0.0459712436127184,0.0708304311695945,-0.0186859170761941,0.013939614790428,-0.00760204435521888,-0.087664376534408,0.00260103075430564,0.00770866201920799,-0.0515644806652232,0.0683337003734516,-0.0173258381552402,0.0997825282345998,-0.0183845340189751,-0.0150092230159935,-0.00903076247541896,-0.0218659840623303,0.0294653839710222,0.0588597935402597,0.0504626882837725,0.0119888960783174,-0.0271155343290392,-0.0220628731732967,-0.00216857926361273,-0.00708221624330964,0.100687032638646,-0.0185767181135034,0.0345983412714387,0.0287917878134964,6.21964401322917e-07,0.0121167842204069,-0.0379975257779781,-0.0806339327086361,-0.0377956875457553,0.0234513399415889,0.0392338964927145,-0.019146148932425,-7.05096381671891e-14
"C12",-0.436294983706657,0.0744391540885693,-0.00480425028920413,0.00137853185687408,0.0633713076613618,-0.0560367997257992,-0.00510298881803979,-0.0133784302984232,0.0204353709871385,0.0164399261068296,-0.0984523277288695,0.0107657737892677,0.0221609778992619,-0.0267730680612578,-0.00886731849413013,-0.00730820055747854,-0.0471795145409316,0.00295751059798182,-0.0320781230839911,0.0290688093407209,0.00542286704173856,-0.100643712958268,0.0374949327907902,-0.0494842297216383,0.00473942625233418,-0.0212989633642539,0.0892485363506395,0.105811860098791,0.0579198633385539,-0.12302504498962,-0.0112760833125021,0.0872360627425605,0.0315509376731256,-0.0349196439855988,0.0811934048096888,0.0650814030908826,-0.0530413461537001,0.0485549689377974,0.0433906719768365,0.0101409749551281,-0.0117582087709639,-0.057981147760238,-0.00262990708351211,-0.0110085718424147,-0.0350889560756457,-0.015807855102182,-0.011745999866416,-0.0150863449126883,0.0207617951087299,0.0582163232013974,-0.0218374874937996,0.155040527028985,-0.065087368380976,-0.104636044425972,0.0191375995337298,-0.0475062918081304,0.014880899649314,0.0240890518709624,-0.0605228304084571,0.0184545554819249,0.0130615143280713,0.0169998210103677,0.0223076644082851,-0.0423489423808126,0.0312472382951637,-0.0430356020315434,0.00815261199341538,-7.05889611086336e-14
"B07",-0.0644301090222119,-0.0247476165788113,0.00250804296141757,-0.123404667208797,-0.0148471247216968,-0.321567716049825,0.102937593014819,-0.0265902362121515,-0.176571974157475,0.098859581144654,-0.113655059220065,-0.218213772048256,-0.030359811516379,-0.0478812896828108,-0.0907400088419718,-0.0424010329435492,-0.00925207798196225,-0.00273699207721855,-0.0513249367245039,0.0765831594263652,-0.0112388490153514,0.0730974640546603,-0.0208671455537901,0.0982242953953023,0.0223609157742035,0.0375132843074545,-0.0399349008059869,0.0191561567424355,0.0017607584405382,-0.0403239207493699,-0.018143861382784,0.0614618363338135,0.0409570673024433,0.0440254280571096,0.0882974473943316,-0.0746082404397697,0.00522761898376607,-0.0427204017222609,0.0423200281110701,-0.0311859765476418,0.0255550568220912,-0.00864331258184726,0.0376524970939787,0.0570645415972843,-0.0244120688030937,0.071270940055608,0.0309263364244275,0.0515674164869784,0.0453302092392796,0.0184324219060739,0.0182800807787244,0.0625254945422761,0.0495129915347289,0.0549012179443711,-0.0201006739976255,-0.0268306380839809,-0.0418031584867448,-0.0521742538041049,-0.0169820781373805,-0.0601021405646267,0.00511194986260741,0.0393820131565194,0.00442463530291704,0.0836652548253128,-0.0277737485536021,0.00547907787893467,0.0284503725635898,-7.04642795528636e-14
"C04",-0.50139751274804,-0.194044586359367,0.207036385939575,-0.0618571045116464,0.159617421294479,-0.0264776730720297,-0.155864925326425,-0.0243608059799221,0.021858700192041,0.00410459760000355,0.0261788452776035,0.0988399730125486,-0.0897247940263199,-0.0140082354954837,-0.0764022754022625,0.0391581185429427,-0.0719849526487197,-0.160673952593664,-0.0369464498990201,0.0869865423909611,0.0956606983072182,-0.146521459801539,-0.117464642519428,-0.0810377837825818,-0.154943011124634,0.0277391061920986,0.0368273983752232,-0.0628785546727285,0.0246017258576695,-0.0690368228943315,-0.103274191542001,-0.0117835884744438,-0.0670397259473989,0.0794243290638306,0.0152415723127525,-0.0365312914440216,0.0528563496289038,-0.0244828674950166,0.0236779094691622,0.058245851702024,0.121804451847944,-0.0156954204234088,-0.0100332750279977,0.0613254021129623,0.0142186121447617,0.0733654997988016,-0.0184683106678472,-0.0233030194014236,0.0025912554386312,-0.0513971050144954,-0.0101058222650973,-0.0540698659426992,-0.0131672874212561,0.041932425322118,0.0259735546189011,-0.03923026299657,-0.00593922175233392,-0.0131696369423798,-0.0012620169801271,-0.00551210090890112,0.00159682281417304,0.00779984534221557,-0.00718914382279089,-0.0429851125538924,0.0146515830421497,-0.00501429225586929,0.00135618163705834,-7.04519992691943e-14
"C17",-0.482600566848371,-0.153618638215575,-0.123204112673928,0.167049488312292,-0.253127432891438,0.143302779443791,-0.171760715970816,0.403771066428824,-0.0054791016194645,0.296387865927318,0.0978994163458338,0.0157630277786164,-0.0379591694129806,0.0776678747181728,-0.0819986704853334,0.0616415772475379,0.167828007498359,0.0524438888484763,-0.100721501938235,-0.10264479612757,-0.0312790731658785,0.0775750989715403,-0.046984262714529,-0.0888349583774268,0.0312599229903011,0.0895837875553839,0.00239584528594502,-0.026706579541806,-0.0629194188942472,-0.130101277161636,0.0339405486111544,0.0392404949739183,0.0384895253748697,0.030393281137522,-0.0368985906849359,-0.0684498233655068,-0.00540711816930188,-0.0346358980521969,-0.0243902586659238,0.0170019634877859,0.007998619265286,0.00718835382891724,0.0401819828311099,-0.0185717415703344,0.0291153784981493,-0.000471636107114027,0.0124280477048654,-0.0172119516090458,-0.0120071102113079,0.0181407484384295,0.00144844179462341,0.011652180336866,0.00104994548004431,-0.0217166402247813,0.00600414038380306,0.00620814167039027,0.0173219904187463,-0.0183986698847483,-0.0116381177494097,-0.013771078992461,-0.00126282659830319,-0.0129369492553435,0.00816203501689917,0.00369894558994441,-0.0029177344678835,0.00844683592698704,0.00268086964608699,-7.04768817090529e-14
"C01",-0.415748928834901,-0.274919351489321,-0.0363243626668416,-0.0657445249251387,-0.23504721460276,0.0404638346682142,-0.128903650912815,0.0585262242678594,0.10870146876732,0.088976919325537,0.165754121773682,-0.108069509377765,-0.0438629375715748,-0.115512653129254,-0.0507674364239949,-0.0534574495567999,-0.132379545651063,-0.0467661858613619,0.0475594479876333,0.0265126252546998,-0.107143452146231,-0.0473109602806555,0.018842260354699,0.0303253267825346,0.132600820024798,0.0395966888107549,-0.101744360001977,-0.132971065079229,0.0472109042403607,0.0956100245629488,-0.10143322546045,0.041266390418233,-0.0938623375165935,-0.0780566248274854,0.0374957042396944,0.116495443228217,0.0746900649594636,-0.0237746140980756,0.0527192612459644,-0.00227297520954038,-0.0695302383105075,-0.0145369689757011,-0.0002849515878106,-0.0217544259539283,-0.0438726579440186,0.0164908913004427,-0.0222206713341953,0.0239147884016747,-0.0502934198128139,0.0281864368210274,-0.0099269500102755,-0.00714341468612654,-0.0206581105290093,-0.0181070439761615,-0.0290080142019631,-0.0218428351663249,-0.0350131591444742,0.0286769806673242,-0.000772774104755245,-0.00946146401037652,0.0134611709771782,0.013140570980651,-0.0297333852610129,0.00671588433052593,-0.0255629891617916,-0.0134092806401968,-0.0211002186222604,-7.05087030428153e-14
"D14",0.206809662624669,0.0845169347451913,-0.135092893176474,0.23110052381149,0.129301515546165,0.131840662312597,-0.0222347682722442,0.0235410479246766,0.0278289277213397,0.159089913998938,0.119500967190426,-0.315621993376602,-0.14057662858104,-0.00134249790786383,0.0306876950441017,-0.0681298343352502,-0.0293022955836682,-0.108963749487826,0.157277311959434,-0.0097240178832797,-0.0390480113862043,-0.029949858265741,-0.0586085231391859,-0.0471845114900124,0.0115682264840127,0.0132832680634916,-0.00642633954570027,0.0143943019943377,0.0575178434242717,0.0148307742467167,0.0505665044172342,-0.0901705437377549,0.0173239966393462,0.0436991893173975,0.0650861419735755,-0.0271143803876477,-0.019032581096916,-0.0331229379086375,0.0484622185945668,0.0135828707449502,-0.0209752863393427,0.0276322828549515,-0.0561163023820081,-0.0017455965093057,-0.0535388709413989,-0.0749873949744689,0.0314048993589192,0.0125005691074624,0.0767420121758913,-0.0531188119917799,-0.0181095068864477,0.0281101340524408,0.0155574359662791,0.0487910954452015,0.0705744344715452,-0.000844867860881739,0.00940789874099916,0.0188216179567694,-0.00742862889602441,0.0634400527234267,-0.0558586570229994,0.02420984126316,0.0267257625554269,-0.0146298076732339,0.0328286118164339,0.0266450465469392,-0.000274402748890716,-7.04623398474144e-14
"A16",0.260077939380574,0.134621811053682,0.388216135937694,0.504350313907456,-0.268978734433252,-0.097179529270222,-0.146470964764909,-0.0909550748484049,0.251853645398102,0.037182608865748,-0.021960326707051,-0.0191817194648459,-0.0138418879288303,-0.0712898755504675,-0.0174845150873054,0.0705009390246641,0.00113066968735741,-0.17172079879609,-0.0717848852531632,0.0238087309326264,0.0944034827610425,0.107679080490626,-0.06047900393028,0.0424852333656813,0.00928508389581604,-0.122276640119589,-0.0489491267770635,0.00681640959711223,0.0272249506965066,0.0650638215454621,0.16208954440743,0.102242207672954,-0.0538307780978604,-0.027195345524659,-0.00118303753682143,0.00220087764714855,-0.0243038091340122,0.0181896011063842,-0.00442835734037336,-0.0350596402028404,0.0603136189833059,0.00100831131700898,0.000868438357853264,0.0340813984726475,0.0139427623999951,0.0139781201837758,-0.0171074940709418,-0.00407766677258059,0.0050006626248533,0.0206289890076934,-0.0132521440410654,0.0101912246426345,0.0132272949511941,-0.017186112205038,-0.018174169622378,-0.00444899536678364,0.0146661776146526,-0.00150500932830554,0.00912328700286339,0.000288938296541413,0.00286347695108136,-0.000405272774140863,0.00125417127572336,-0.000429007873238849,0.00220150856274676,-0.00262651340524481,0.00115777991545002,-7.05549713705261e-14
"C13",-0.439685653990627,0.0914111409967464,0.156276404783295,0.0743610015959121,-0.0492767034840655,0.0671823998588801,0.103342825775289,0.213914931256741,-0.101210621297757,-0.136567141929798,-0.0208379100406795,-0.164627430972051,-0.0197833604637377,-0.150792539725233,0.225836891256396,-0.0977532225621706,-0.14324836597646,-0.139298256191932,-0.0923883919203433,-0.0980479168376859,0.18962823022746,-0.0632939518077427,-0.0633192919285977,0.0714887510101397,0.049062926730647,0.00210369671701849,0.0282127837365905,0.0235559350044692,0.016468487041528,-0.0139140261529436,-0.0252326093514938,-0.0600301895675252,0.151083881170372,0.061975307683343,-0.0302998293265432,0.0748469298670058,-0.00946345798912761,0.000917566849232713,-0.102928597362269,-0.0251449693834559,-0.0741915024067752,0.00580596966705597,0.024499766772217,0.00856332272706095,0.0221601806592071,0.0275719547654901,-0.00164658516817684,-0.00324277722264415,-0.0209456280878966,-0.00455617253211303,0.0057536036597521,-0.0364652656055797,-0.0158333576722489,-0.0129117661875592,0.00249077009294921,0.00463784061761762,0.0141277917777044,-0.00325300802984716,0.00117747742507683,-0.0171504493304268,0.00518029905056643,-0.017044522530994,0.000173973562522844,0.0123081542148798,-0.0173202976890831,0.00196528611601206,-0.00168294232568566,-7.0572589655829e-14
"C03",-0.424077746478507,0.116077701764048,0.020074498826389,-0.00944464041999824,0.165111628737058,-0.211065468480173,-0.0391043791898382,0.0568488432597075,0.0444753147467863,-0.178726933972412,0.217447249724092,-0.033200440840719,-0.191832811568135,0.169036292567809,0.0337924785106479,0.0901317457692358,0.0292845363974549,0.0783616194997403,-0.0332535044554806,0.000341840511447162,0.115109627934182,-0.0286066145497151,0.0543233868338219,-0.00974026774197417,0.0246394030459339,-0.0498845004139796,0.00537924889949787,-0.0518954615427115,0.0764806980617117,0.0437877225568566,0.015425108633517,-0.0258322594432144,-0.0247932030912781,-0.051775558864953,-0.0534036865115725,0.00539561682743651,-0.0383457987137877,0.00970257301683212,0.0752649917772204,0.0321912261497576,0.0202130272507273,0.00473386427756581,0.0557461882199732,-0.00177215733963937,0.0216546837401601,-0.0914103807385537,0.120794358903374,-0.0583111667250656,0.0286652294082293,0.0850404156783912,0.00790739465332035,-0.0416981834564915,-0.00698122210600524,0.0115865895204604,0.0314951881212123,0.00329718300340059,-0.039966880943049,0.00698609288527761,-0.0203580906970667,-0.0259445265241619,0.0277554536418664,-0.00848046709037579,0.0162275540227888,0.0558612814116766,0.000106828743824772,-0.0215504979891297,0.0231545379983486,-7.05085946225981e-14
"A05",0.269172362716102,-0.0213821014213155,0.293094982473666,0.0471135565307347,0.0382394454578139,0.0389763576710644,0.0783131290081455,0.0732906878383895,-0.129845677778185,-0.0122453301481826,0.235525196530237,0.135049500380027,-0.000659726283883197,-0.000902060305208714,0.102686745852155,0.166664918652364,-0.0018162621617262,-0.0693620951708264,0.199578866522574,0.0797234926955636,0.0158449691472293,0.127397218481367,0.0205175289763647,0.0723898276630536,0.0395290399914315,0.047931472060347,-0.0259361714483866,0.113053182870507,0.0236293974946444,-0.0328137560511953,-0.117560831978159,0.0709140021186581,0.0297565751722753,0.0605704584737044,0.0907100907351081,-0.00477419684109534,-0.0332596871974785,0.00406673560093235,0.0320988416996724,0.0459135737258135,0.00856086302540236,0.0967100529435995,-0.0196199784778923,-0.0380898861741614,0.0342286002955597,-0.0297384219311083,0.0175851672322579,-0.022019565512553,-0.0786789364106975,0.00694215762771012,0.0685394470882879,0.00877847596325119,0.0174884271118878,-0.0205363710400489,-0.0462435589140104,-0.00756649680222803,0.00713128147117493,-0.0236887440855748,0.0011642875316688,-0.00172777369894681,-0.0015595117989766,0.0313730236590365,-0.0268713482278627,-0.0221751865151377,0.0245959406045501,0.00582744584227027,0.00649746270555133,-7.04440574882809e-14
"A03",0.272743029106737,-0.0274782169715075,0.0306383753804068,-0.0536401514580481,0.123092889842518,-0.0759533247025093,-0.0711414347167722,0.122393310681891,-0.0423839396278825,-0.0178115887711987,0.184882759424476,0.0190256444679715,-0.0543127286432675,0.0381970712782613,0.00705928618460359,0.0150857244310917,0.0707303659237171,-0.0274554973434698,0.0277426130138081,0.0248126536270537,0.0648027370530171,-0.00810082677200105,0.139514600829909,0.0281513935764154,-0.0414871900952773,-0.0768077972797901,-0.00220924635017971,-0.0401377455287727,-0.00958231020635686,-0.00298218390486685,-0.0678820230772191,0.0235156295127054,-0.016687263146025,0.0192447818776766,0.0702361371491726,-0.00211054860296013,0.0187165812436984,0.0143694832264851,-0.116146095848345,-0.0647611567414541,0.0412117654521908,-0.083128905237878,-0.0142787667972819,-0.0834993855578643,0.038320627799523,0.0231022047052067,-0.0515173448175953,-0.020830634090032,0.0758756639634629,-0.0605256134799636,-0.0810920232889608,0.0516133907043082,0.0579437487314132,0.00531001499136778,-0.0604146118122199,0.0474311120697178,0.011234099224583,0.0749632506653233,-0.0517557659428397,0.0145738269895793,-0.0230095120390467,-0.0306944238534899,0.0215814583745516,0.027045882789432,-0.064304074104513,-0.0046579775068837,-0.0249746605219298,-7.05380781454261e-14
"D04",0.362474505512964,-0.358935434035031,0.225700144669814,0.0465776957930746,0.269479857040724,-0.197592926940523,-0.33569634523279,0.167192416862363,-0.0773506605596453,-0.0415712403868222,-0.0811659301194515,0.012036467545512,0.208913877786135,0.209738150330129,0.0974354130633319,-0.176661001673551,-0.135807855261824,-0.00407421999015804,0.078045882495975,-0.115760113763416,-0.10306071310377,0.01377203099229,0.0368620986434838,0.0541651643969572,0.0150519694533259,0.025956028780994,-0.0749619468467152,0.0563601631304135,0.00970355054880955,-0.0163926326855477,0.0649161170690352,0.0265743643143552,0.0250161007999576,-0.0584538346884054,-0.00852317489112495,-0.0254865711552027,0.0410459532982641,0.0314156581609933,0.0345009612105519,0.0105004155536254,-0.0314090878948531,-0.0240861667272508,0.0311635659737489,0.0498773850696672,0.048099193892676,0.0276889058997988,0.0292681587668317,-0.0348159899844284,0.000366221747617587,-0.0132305594333936,-0.0153863147956705,-0.00554530213653042,-0.0141600125110437,0.0261195621965688,0.012688555987286,-0.0192290082607622,0.00257313167860566,0.0153740336837346,0.0228468190447737,0.00455778572133462,-0.00889401441697518,-0.0141777535826403,0.00772752913446858,-0.0194672958402614,0.0110976046915714,-0.0101169012674065,-0.00716947763751252,-7.04879947813208e-14
"C09",-0.401204163558824,0.178407668750963,-0.0117838235988313,-0.0429106354141524,-0.110503569599893,0.0156103974829329,-0.065116891217859,0.164398856077836,-0.0288188704998566,0.070101346644484,-0.0294182722525111,-0.0802195009800655,0.179727239970889,0.15249619353384,0.0105729091861637,0.0245906337122709,0.0636217222077963,0.015161328193079,0.0660605218002683,0.0173885567809116,0.0843495798740715,0.0612342955203843,0.0609023465833618,-0.105731114208206,-0.0696398263540878,-0.0789558478671271,0.0523404429618417,0.123821556398607,0.0492625091850296,0.00185561420756359,-0.0748127970388462,-0.0502382533796293,-0.0747890642203322,-0.0941106964761109,-0.0387095714105194,0.0910144276162261,-0.09292949595691,-0.00342374817926198,-0.000847961820064205,-0.0788589357009745,0.0126394796404994,0.00472159246565581,-0.0387243587345234,0.0596007478114651,-0.0785293796013474,0.0610997054019545,-0.0102909512832587,0.0735227688183715,0.00185260828464962,-0.0118247032495986,0.0698872932443132,-0.0402395147209697,0.0193458382295482,0.0698670664117078,-0.0409787811163365,0.0133868899028418,-0.01296788039311,0.0227646717594072,0.0233226412173061,0.0277299375697264,0.0270555724140744,0.0254591853848089,0.0132625925924892,-0.00436523492477396,0.00429161325447804,-0.0134311596348194,-0.00444687441938519,-7.039778916057e-14
"B15",-0.0713993571327992,0.352934797843475,-0.20165307275669,-0.0724367798291547,-0.0636986458822597,-0.208794921827782,-0.0847714216738912,0.0532188110341925,0.020075466268039,0.0637032328191614,-0.014614867364758,0.0588859457897518,-0.0155948166641425,-0.0112298470502649,0.110698049536723,-0.180573034153676,0.0378355577653799,0.000340561965231681,0.0567482606563365,0.0994673116413677,-0.00240680589218153,0.121865162727189,-0.00772401434775142,-0.0531493978743616,-0.0232636762914212,0.0107942612758913,-0.00911246858382701,0.0308359455336829,-0.0352003121067418,0.0515572354314494,-0.0713236291718559,-0.0501755147889676,-0.0432202956154734,0.108003762951138,-0.0348351459538575,0.0255836474495406,-0.0111395467080665,0.0233287146398347,0.0185600202321761,-0.0293686356445719,0.00408193266227425,0.0142403873769398,0.0502566173199853,0.0542702251252206,0.00134899476373277,-0.0758532727262119,-0.0527587656355885,-0.000173423815655275,-0.0566847683368749,-0.0140273794366198,-0.16636680366555,0.0044203305758599,0.0250753189762092,-0.0401806250731347,0.00672064653954807,-0.018891660598133,-0.00274324501139632,-0.0109740450210619,0.0498079830752677,-0.0573494900224191,-0.00684355164370387,-0.0156419675324255,-0.0116667828629047,-0.00621476353209787,0.0461879480700964,-0.0189607242314542,0.016000075518639,-7.0431128377374e-14
"D16",0.304013043974323,0.0997968127376464,0.329127622940546,0.382237456434568,-0.254741684327527,-0.238324506146895,-0.00104701787032475,-0.0954117113023546,0.0487792287553582,0.0398044278811773,-0.0781392847073875,-0.0448656797447179,0.108678514806646,0.0154624828823633,-0.0317899305774921,0.0230584307151622,0.0318750446250862,0.00977761676888496,-0.0113728423551625,0.0641983568291386,-0.0886985489745988,-0.0813068971669848,0.123178146596894,-0.0122528077401024,-0.0117278900679583,0.0142413825105074,0.0982724827390463,0.0147638647881962,-0.0603901091637067,-0.0251598233658061,-0.168609259158642,-0.0858955625727236,0.00786547532222828,0.0572435442300108,-0.0951049168885248,-0.0373817137799652,0.0632176024704846,-0.0558346324833439,-0.0161553432105943,0.0270805133881072,-0.0926132511802223,-0.0424027758532237,-0.010700835300118,-0.0826709950688004,-0.00987573131256519,-0.00862955644176006,0.0695634146681022,0.00374927383563271,0.0154693355481689,0.00198159433688659,0.00681137748051337,-0.0112411095817962,-0.00338767812120054,0.00550370305069948,0.0399830020151192,0.0121087974608652,-0.0410794255193162,-0.0218861338263137,-0.0235636075956294,0.00637007818718304,0.01551103047397,-0.0154689490692627,-0.0111040090583594,-0.0170810012227124,-9.0669804698173e-05,-0.0100972729604572,-0.0100676526942787,-7.04221227230788e-14
"A07",0.25908259246425,-0.0695563147195286,0.166197527988353,-0.0132004124464414,-0.0251551737242211,-0.0460470392162416,-0.00638848503832038,0.00037502968274137,-0.159731434607328,-0.000692897319865147,0.0706208504077054,-0.0204255530589806,0.0516546373705651,-0.0938437553317619,-0.162061986014742,-0.0365957697604405,-0.0110737610550838,0.11008909242929,0.0432868664509743,0.0403501642423191,-0.0311221440379138,0.0249576602025139,0.071381652185603,-0.0277350122184797,-0.0735871034213634,-0.0799517862622521,-0.0375064916325338,-0.14125002065303,0.00139083013139873,-0.0983368909375407,0.0265189095029429,-0.0226806090790732,0.0206973550646695,0.0578365975415882,-0.0309881943595707,0.103240253930328,-0.00675779040316783,0.137842947719554,-0.0830951753561513,-0.0641755764442938,0.0147737758627567,0.0199873598866276,-0.00856825679614596,0.0189795219707067,-0.0117504673549237,-0.0154892345840878,-0.00545325423467939,-0.0169879180019899,-0.021658144546048,0.0930243441607845,0.00751387611160803,-0.0314204531581686,0.00342305166266852,-0.000973325421615143,0.0835811450443968,-0.0488453019050532,0.0364627905904214,0.00225120593017607,0.0117311432606673,0.0114369082383059,-0.0201219378445312,0.0730933620043032,0.0084103288269922,-0.00313831829751177,-0.00895770036649439,0.0757528713873773,0.0107665870578552,-7.05178645511728e-14
"D15",0.281664765636904,-0.0493492880528336,-0.0192225678160709,0.111387813099979,-0.161268848267254,-0.17757632077097,0.0159763231844437,-0.0645406256545823,-0.0748687733363385,0.0908734102526169,-0.0122421023912257,0.101908696162176,-0.0162366840121489,-0.122449379674232,0.103218822534247,-0.0529167901568677,0.0611499389399158,0.0993427804443543,0.131541070241398,-0.0678859779958376,0.194814983330273,-0.153811338624919,0.0854209558970542,-0.177838583399663,0.00277290628641408,0.0931030620105282,-0.0579626876608167,-0.0469607614509826,-0.0705460572968447,0.0553815354593121,0.04059512103873,-0.0609595004123891,0.0347465240452006,-0.0639017664099491,0.0467116845898563,-0.000335886494018068,-0.000327344709067165,-0.0252518129900623,0.0909163014855695,-0.00565402765857159,0.00384320907404207,0.00723579982750372,-0.0207082395695832,0.0329516039857067,0.059950362209109,0.0370714129487018,-0.0418261799263067,-0.0152452014355814,0.0335311664501032,-0.018207005208901,0.0405128831911157,0.0175451004857525,-0.0146042561657475,-0.01983496670745,-0.00992668468136985,0.00823120453075836,0.0654277654197688,0.00629438152169312,-0.0118859568843977,-0.0146192275395022,0.0333653675587702,0.0167590323557687,-0.0493113452275669,0.046750149929778,0.0251081832568846,0.0218802682334953,-9.66378405993445e-05,-7.05025773005408e-14
"C10",-0.335416766454006,0.174292649238971,-0.178100587870613,0.0336061053360675,-0.0885297677998933,-0.0191315784432383,-0.0232665457261517,0.00522535681854881,-0.0555106170340202,-0.0604922185656104,-0.0960598423225825,0.00342371879710333,0.0693797738265886,0.11148498148151,-0.0231615337728414,0.0932590686091221,-0.187101801003228,-0.0364653507436674,0.0280237854487907,-0.00551003166629196,0.00852695822216924,-0.025323593734217,0.107279095973409,0.0110365765000895,0.111980834207628,-0.0737149883616221,-0.0521600354851358,-0.0338975933428477,-0.0470324490016568,-0.078092764615915,0.0504149865330573,-0.0824963428563746,-0.00303627799267312,-0.0111967549545449,-0.0308140643296472,-0.02349844764386,0.0216883453256463,0.000404001039174894,0.0410722150333764,-0.00881523341358936,0.0828738868908778,0.0945962672589194,-0.0960240986215633,-0.0598480425437082,-0.0591397219886702,0.0223505988277257,-0.0750962372149591,-0.101518135284089,0.00555154409548089,-0.0193022544253333,-0.00776357234080063,0.0143406203771385,-0.0379703168372195,-0.0102624261898162,-0.0328839877427838,0.0272925918114299,-0.059291161399245,-0.0564600026310073,-0.00845975961844617,-0.0496216937832903,-0.064050892833278,-0.0272700793131437,0.0111208588411375,0.000155786356473943,-0.000700176161897431,0.038764854026616,0.0101659309496714,-7.04851894081995e-14
"A17",0.267818984916314,0.106294219991242,-0.0686826782071258,0.0492483709627156,-0.0783882739306151,0.0438635735690473,-0.0428134188750415,0.103020427573068,-0.0581764555076844,0.11788273279196,-0.0466511081605681,0.166198524918566,-0.100496780440517,0.0448501777587833,-0.0153118108288697,0.0630608053466777,-0.0775425078707864,0.114686755276431,0.00116869924996117,0.0395976178164137,0.00765949276277872,-0.0460075665012819,-0.0511818266020311,0.0969213903990496,-0.00478345258375064,-0.0173790974877018,-0.00567523092019693,0.0192992765789997,0.0462189218285069,0.0600650445738829,0.0227438178594476,-0.0147280287870572,0.0507798214234937,0.0868192073097214,0.0196292692624494,0.0158835808668572,0.0547679583090691,0.107779304686598,0.0169162904361081,0.0577095222041366,0.00261756422365396,-0.0115330762418265,-0.0330899441996258,-0.0572719412390439,-0.0506135975803911,0.0400967378461305,-0.0255230116965252,0.0761317826366454,0.0479999933502217,0.0162111089146437,0.0254004886098748,-0.0201678144383728,-0.00921647716720702,0.0137415347100973,-0.0149861700715362,-0.0817560516183025,-0.0232962633646832,0.0456781793911731,0.039173998237021,0.0251233595405448,0.062980238017037,-0.108890595484739,0.0371020846677482,0.0488220680981483,0.0552355105000322,0.0185850044370544,0.0142612615706472,-7.05450509206479e-14
"D07",0.289899121292917,-0.0904699283111972,0.0560783437197087,-0.0586111731448924,-0.00574403807761538,-0.154962689249446,0.0773053624291236,-0.012621420048734,-0.238852367139546,0.0477241255407919,0.000317802262945405,-0.115128608447776,0.0334984431562189,-0.0727203855419516,-0.188952284095313,0.00152442398762163,-0.0433448795680261,0.086205747626814,-0.0104215688006029,-0.0358431932481314,0.0546222261219848,0.091729881433195,-0.0513877579849721,-0.0400340114871128,-0.017058147461854,-0.0339361301460612,0.0479425683290584,-0.0883789822584563,-0.00249391998887311,-0.0214696050523103,0.100599574832077,0.00323946495547986,-0.0461674898628393,0.0998332776235696,0.0292200781756569,0.104121800936056,-0.0404851117339203,-0.0334429854709721,0.0346394055424584,0.0372598534452831,-0.0146335601953327,-0.00601757660709609,0.0341473916626836,-0.0118981086930881,-0.00430480162472299,-0.0441473168061831,0.000988605142982003,-0.0536624186194049,-0.00909993633965137,-0.0864183847031375,0.0459224516618503,-0.0116772629304045,-0.0453407615178865,-0.0161094782782702,-0.0381250729335822,0.0568064176659972,-0.0301592942943603,-0.00548658276199622,0.0388399253571548,0.0386474375389723,0.0103115522198281,-0.0524341515117204,-0.0105988174343486,-0.0285331657244822,-0.000305346814085545,-0.100754564802836,-0.0202153654382216,-7.04740221258229e-14
"B03",-0.0314339369891899,0.161840528608723,-0.0581779462158804,-0.0982411072841081,0.144752022076011,-0.288060949690924,0.0140752015923445,0.0294336718046359,0.023316797798021,-0.109471696651244,0.118655061228946,-0.0854347277942997,-0.210328123672585,0.174981094192509,-0.0395713879157382,0.0163011626267177,0.0735018751003165,0.0289051066876304,-0.0966125160279584,0.0262367594329912,0.00942951152177934,-0.0275533190046458,0.0516925107638952,0.0349104324110363,0.0831839155083602,0.0752740320439235,-0.0075915848996733,-0.00733371546264481,-0.00757424442796158,0.0571915716872727,0.0766318095416706,0.024014255418955,-0.0226078692606715,0.0462377511107655,-0.0972815875280001,-0.00284759780230117,-0.00355663438912987,0.0150033181279188,-0.0240354814575988,0.0233819560467214,-0.0611404160282336,-0.00739011409696114,-0.0453127223227683,0.0121250906524454,-0.0225768008390821,0.0897599793701271,-0.0354564601127079,0.0650144997425386,-0.0196331278190845,-0.02521562049072,0.0417031280572143,0.0360230898459207,0.0180111804452964,-0.0364532754321865,-0.0181366761363326,-0.0189377683813754,0.0608136107134034,-0.0469919124913025,0.014661621752728,0.0271616987418651,-0.0175887576143932,0.00937828214190851,-0.0439437254306468,-0.0961710301713476,0.00804552032692285,0.0348724897703893,-0.0383073278333328,-7.05150286848654e-14
"C18",-0.364222293519694,-0.312652462986761,-0.255068617961073,0.226247724803553,-0.0813964612026738,0.0299530893781284,-0.0447038735792632,-0.0653588458780816,-0.133338860655671,-0.221002157410776,0.0589693144107133,0.102450132237039,0.117783229000285,-0.00648853189596496,-0.033725502203516,-0.0188706941022528,0.165119549115773,-0.0900980596809905,-0.073352730653565,0.0608645192989192,-0.0587840050347024,0.0155018249150147,-0.0469634572204002,0.0583306649079156,0.0688127221327812,-0.0710648748491915,0.0204395789409969,-0.0500807808379417,-0.0643467047312873,0.0521924351249091,-0.00134821894080978,-0.143821756954906,-0.00575929494966205,0.0113177292351354,0.0352372960929891,-0.0194579094874809,-0.0895480235849195,0.03001744259585,0.0187582414731223,0.0557664666522841,-0.0684867405277387,-0.0424492322895098,-0.074201972376048,0.0319948747726808,0.0554410143933421,-0.01307358469438,-0.0243568689285652,-0.0172169960276456,-0.00193149184767839,-0.0235859870495078,0.0291440830463591,0.0318379632106487,0.0322120894369754,0.0210514980719628,-0.0238475442655879,-0.0863127179497268,0.022196436724394,0.0020579497036961,0.0102869108722901,-0.00730342230647609,-0.00933885797121379,0.0301671770853853,0.0510853337485224,0.0160005702421338,-0.000362894682260063,-0.039814812141561,0.00991894436151421,-7.03948211571229e-14
"B05",-0.167929992957584,0.120729762867397,0.117530998146003,-0.0601242893005463,0.024704926943158,0.0436436317627289,0.0681051336859787,-0.00677643244165962,-0.0353059468627452,-0.0893075561580882,0.0307788604125232,0.0698291106810617,-0.00228202373668081,-0.0006726807835245,0.031563834785315,0.106575134829717,-0.0379820528811126,-0.0102077888892823,0.105017332394686,0.107982206292994,-0.0362980087250878,0.103749057345649,-0.0921858945402062,-0.0839062293162783,0.0320374406509972,0.0585111118139341,0.0478116807185383,0.0667759889446499,-0.108572499261398,-0.0186632600209769,0.0862018571436987,0.00708068027333605,-0.0402861719946453,-0.0178898464057269,0.0192937136099357,0.011112308077256,0.0386786899521341,-0.0189249599476075,0.0512754015332956,-0.106806460758079,-0.0576574755488074,-0.107814728588699,0.025147623774121,0.00593973452911261,-0.0296012476465384,-0.0348848582540355,-0.00501357013685328,0.00642569105065624,0.0210277775886561,-0.0142703591634325,0.0216385055972907,-0.048205561432566,-0.0601454292226034,0.0295592610677881,0.0395024085954346,-0.0780617570334499,0.0474366088647119,-0.00672091558429071,-0.0495758306997575,-0.0362987495356803,-0.0428073529833462,-0.0764360396601454,-0.0161405551706229,0.00773765160507722,-0.0815319153039427,0.0229153481540986,-0.0217472822999752,-7.03764303777721e-14
"A04",0.291970929283193,-0.213875985255323,0.0738695598349771,-0.0486710822843203,0.193558962126417,-0.0382856049015732,-0.136745780053006,0.0356553349054177,0.0436756362113135,0.0023323299852859,-0.0484644881156286,0.0422082109566551,0.0390089045892574,0.0658117782042801,0.0403152002625817,-0.0533185567536283,-0.0350357025140378,0.0207908076590251,-0.070833307119062,0.0307644551090184,0.0101529124835046,0.0389102130970911,-0.106335707684854,-0.0626043113310939,-0.00307285736434363,0.0198713174609589,0.00455453000536848,0.00233033337833501,-0.0783670529255395,0.087104162960083,0.0555051365348824,-0.0462649588721504,0.0384118990229989,-0.0058808487227448,0.00226375854158072,0.0868858947509624,-0.0336217264541131,-0.0502482187477601,-0.0442943078595091,0.0443991960131582,0.0624240731787488,0.0226409806103717,-0.0260298012900346,-0.134013777126833,-0.036157993968129,-0.0446501440220083,-0.0539031031700993,0.112043495538145,-0.00434418686481885,0.00663747069869701,0.0192163048402911,-0.025761164920437,0.0239443555120732,-0.023796683977784,0.0257836377162478,0.0169803012319137,-0.0281610033946312,-0.0209794090791174,-0.102095708261089,-0.0341663184714766,0.00751570120645734,0.0520727605633877,-0.0255690347884738,-0.00559433415398305,-0.012918288299774,-0.0228487968238824,0.0751593559157379,-7.04396935745366e-14
"A18",0.27170767803596,-0.214403790200289,-0.331983183670177,0.0937207055995951,-0.0901950208167697,0.0370684032152308,0.065404168274887,-0.0423965483241696,-0.0355558492366096,-0.196368298597736,0.0296268099229449,0.0260060082673789,-0.0244267707018828,-0.00434276550059477,0.00101809385828893,-0.0403272874171112,0.0835926955002097,-0.0596831493369844,0.0322052456916378,-0.0825830801328227,0.051844636900483,-0.0120434204012254,-0.0235566073873548,-0.0507957295872468,-0.0523941401819677,-0.0299275760093458,-0.0106479977133601,0.0836818007477421,-0.0277674658064787,-0.0171742840430634,0.0293421505345678,0.0915318269383101,-0.0352055798732866,0.052979362529623,-0.0782027990088427,0.0423474110697674,0.0725131351115157,0.0491898070974748,0.0329202657807152,-0.00414160543516743,0.00616501022257502,0.0377787309577626,0.0158033698069756,-0.0218306205269993,-0.042255612331696,0.0740065001534621,0.0372233228844854,0.00701415033400543,-0.124513268817101,-0.00161344595076589,-0.0391274935654024,0.041706276780064,0.00504619258947907,0.0619064666503938,0.0462549511898335,0.00689130508790534,-0.0400661226718181,-0.00955197341252254,-0.0888498374968431,0.0506735687982782,-0.0246606086490107,-0.011166310257126,-0.0189832434836319,0.0672380498593979,0.0272535992702882,-0.0206688882508944,-0.0383838565899196,-7.05277307909424e-14
"D09",0.2720155798899,-0.110467436617898,-0.0835410542391408,-0.0537483636873419,-0.126403167696112,-0.0159169024534857,0.0591733125083708,-0.0446736350807471,-0.106374417857315,-0.0445767366623538,-0.0805871666153295,-0.0796145766395358,0.203025486283652,0.087229213260285,0.00445279877303955,0.17386736120836,0.014736582093195,-0.0216218027761848,0.0117102613501874,-0.0569925623104322,0.100304778433959,-0.0362130408938828,-0.0502170883413696,-0.0582860409152628,0.0387756258548862,0.180125550830263,0.085437617589265,0.00499417141904275,0.1562392552373,0.125644473532502,0.0315008340318174,0.0292912347591993,-0.0709835660064455,0.0383417140429141,0.00737606307996485,-0.015616594235069,0.016852143175368,-0.0342762930155835,-0.0558943551852321,0.039771201933833,0.0137045505918583,-0.0841513885692246,0.0394473804471499,-0.0269178693264518,-0.0228542080081517,-0.0297648706132148,-0.034985472303495,-0.0598136510731729,-0.0448516815877163,0.036351442940433,-0.0335411107867461,0.0165511559571448,0.0241498611421006,-0.00091310858105732,-0.00264455189099661,-0.00660822357344598,-0.0211279020769806,0.021103762271208,0.0263974457122649,-0.0158454682344003,-0.00186547951417709,0.0284213826521895,0.0609184437767499,-0.0147297181751686,-0.00744088678805955,0.0726193020470369,0.0104719710858499,-7.05370007195172e-14
"D02",0.232483222495124,0.113459762327967,0.195853749005168,-0.136784594484148,-0.0487206169482326,0.148507966699933,0.103234896101845,-0.0415606177157829,-0.0750527139221164,-0.0254450059268041,0.0294092224014796,0.0655265559819079,0.0655532036854458,0.108888792907177,-0.0588713491518939,-0.149354407539398,0.0697648450368182,-0.0458932138504203,-0.0144146971991878,0.0985064507589794,-0.0289656285247745,-0.0612414328016065,-0.0862307286882362,-0.176474922926936,0.213747782508528,-0.139763467094997,0.0108270410985832,-0.0538161177558574,0.127163024291871,-0.0114336124644681,-0.00183296298524735,0.0312144116341393,0.0770575123557427,-0.00276211150214205,-0.0369556578696409,-0.110767471911091,0.0472144973388527,0.0473587086984801,0.0359749225019469,-0.0409161714860649,-0.01907589375049,0.0337025199933346,0.0881265186624848,-0.00996068657185798,-0.0143908101262664,0.0248360614089887,0.0062253264278947,0.0192231669495103,0.00723078157057244,-0.0700050700571215,0.012700914788288,-0.0326499684694339,0.0192884517324592,-0.0480952628245574,-0.017931312485913,0.0107009035658432,-0.00455098977509381,0.0312290174622585,-0.0222026988170305,-0.0135667415077336,0.00714773587917369,0.0254553128609748,0.00904532392393991,-0.00103872164353722,0.012157313367439,-0.00452520152945583,0.000435794704050145,-7.04438677529007e-14
"C05",-0.447656204245584,-0.104291770358948,0.16776061589398,-0.0896893654375985,-0.0323351457582488,-0.00579059825924099,0.16194071848034,-0.0186627075627803,-0.0520672421763873,-0.00339530462813163,0.0693519014324745,0.0362171110058239,0.0156014101583466,-0.0107745661871002,-0.0216403019127483,0.0718180613657503,-0.0504233812568853,-0.071261505819956,0.0951782881798665,-0.0735008319631777,-0.0341807042396963,-0.0381850918371128,-0.0574116647969319,0.0362716239089069,0.020276760713216,0.00923933804618603,0.0456079699538068,0.0482342361420205,-0.179418492349471,0.0123529026446331,0.0486996163078022,-0.0200954652209435,0.00588395072580429,-0.0686590573893496,-0.069576649501881,-0.0126867524668866,0.0800774274400218,0.0773012877659811,-0.0205106918380494,0.0457313429482862,0.0399728801621781,-0.00561721344679594,0.0736879993976046,-0.0290933719827508,-0.107561024701704,-0.032439598471484,-0.00624936613719797,-0.0217284708247799,0.0832032049995215,0.017629734285456,-0.0611223456132133,0.0198886273610562,0.0714525226104716,0.0134433036791678,-0.0305495703102915,0.0180856548619873,0.045764603638589,-0.0228449039978609,0.0639279465749717,0.0422294238999277,0.0504591884997967,0.0604538151109795,-0.0203723039818822,0.00838814324429769,0.0121100350931164,-0.0351060434329299,-0.00660872904517002,-7.0440859091872e-14
"C16",-0.460108665101931,0.129714210214275,0.158765189346198,0.0982789302121628,-0.0941115308746492,0.0426969955907983,0.12258250786824,-0.120556350540944,0.0982215022311009,-0.20059345078053,0.114531548178077,-0.028964050356305,0.0574104523766352,0.122257778848652,0.0459355164295586,-0.0687398346553573,0.00421134905873238,0.170695325812334,-0.0355205260579629,-0.20233158059412,-0.124703073624878,0.0651216759601371,-0.122460305863691,-0.0505741725694206,-0.0473959432143055,0.0461280992680955,-0.071226370279344,-0.00036420874865712,0.0199787124233544,0.044303809943863,-0.0587216316154369,-0.0528042630884339,-0.00257417554396664,0.093717792475312,0.107782892824116,-0.00133519327347987,0.077589825748031,0.000842975317737225,0.013708839513375,-0.123081452164025,0.0848306970654263,-0.0101417733434903,-0.0423462441212149,-0.00573128475758642,0.0398411169596214,0.0356575848769999,-0.00949887595417862,0.00264982244004805,0.0293932140106986,0.0338223088520056,0.0297040655728608,0.033902482442087,0.00970676948562733,-0.0319025021586342,0.0112563864421688,0.0249362505135586,-0.0162720630850737,-0.0110096251682208,0.0160749894539203,0.0219313980610834,0.0104704509252433,-0.00812212311902033,0.00205592853998037,-0.01600934781737,0.00775845709728211,-0.0171565063276486,0.00638837968175393,-7.04095392016144e-14
"D11",0.22412521285631,-0.162963337679709,-0.171927257426109,0.221029070349684,0.283269462271388,-0.0304903252796848,0.472578137319294,0.182863634941148,0.344634512471016,0.0604269086689974,0.00087406460928493,0.0871009421737854,0.147936942851431,0.0434868219918185,-0.138497680025546,-0.0607043752312501,-0.130241377303575,0.0303772419576671,0.000511169943068215,0.0826355173091282,0.127489317015305,0.0218813489551028,-0.0256815957827464,-0.00575515624631973,0.0420296499976812,0.0417692482899733,-0.089770065380862,-0.0165268822045111,-0.021356045555367,-0.0539811820194466,-0.0235367539291532,-0.071179012354834,-0.0877924598662944,-0.0205197014068423,0.0248007625949538,-0.0242438782425733,-0.0195399167521649,0.0163476190566528,-0.0521483911470629,0.00765694654761216,-0.0242966875501172,-0.00827206838640381,0.0244662555448501,0.0179271654750023,0.0126482672894973,0.0221951999889534,0.0365522145672398,0.0105644584359544,-0.00799016047626726,0.00986724719258429,-0.00410861669442952,0.00640676286804518,0.000452896527971742,-0.0151386583412391,-0.00521406380419945,-0.00349488089045967,-0.00296343328784618,0.000865481356017007,0.00967875570323137,0.00534866727925079,-0.00710647163782691,-0.00850826648600583,0.00266014728170413,0.00384051109295209,0.00546302642613472,-0.0031917395541296,0.00351899730824793,-7.05306039266995e-14
"D01",0.263926889447837,-0.328062247397756,-0.139277120492007,-0.110929722048867,-0.109888185590934,0.0139405658739595,0.022251358202514,-0.142817529900642,0.0674001155527458,0.022563006110015,0.0917622534816236,-0.0808849279356,0.0125253413635366,0.00742397512734947,0.0655967639631088,0.00762287867454826,-0.172028168240476,0.0633616901351656,-0.0703443488322123,-0.0739610395454223,0.0253122306949284,0.0739309221202,0.0231794437836536,-0.0392814350132209,0.0191609997864979,-0.0309893192672361,0.135912561318529,0.0634567476591949,-0.0239176699808089,-0.00413583964957567,-0.0504873346468887,0.0521418369593401,-0.0480271191794852,0.0449537473462076,-0.0785464360306914,-0.0694030294497056,-0.074408312945908,-0.0175839180325486,-0.00268883766023638,0.00530564865479821,-0.000552625734993168,0.134902398925551,0.0100769644938181,0.0141314586056877,0.0735425281978145,-0.00678534211546249,-0.0676624739781246,0.0203173633548543,0.10651041054708,0.0309596059296968,-0.00975398387707164,-0.01596193020664,-0.0140161804508803,-0.0144293267695629,0.0135414981659107,-0.0840437097994062,-0.0256642608210134,0.0508920306181188,0.00466123247424774,0.00310933542035636,-7.88684001592605e-05,0.00929273119400202,-0.0298110679389781,0.00418357420247202,-0.030903597940547,-0.00173672710166439,-0.0472525123495732,-7.05300618256133e-14
"A06",0.305315235908577,-0.0552046438731951,-0.00829994364583697,-0.0962897555152206,-0.0305134585559651,-0.0771892198603158,0.164295874136421,-0.0155352579393058,-0.0063581118400413,0.139162487207988,0.014788798937124,-0.020194104447701,-0.0210751080437968,0.125564976559114,0.184223909675521,-0.0761913775692113,0.0306656841505035,-0.0434238145084552,-0.116202046847504,0.0305694638811923,-0.0523380304734158,-0.0258759957034072,-0.129415689730059,0.142290432773911,-0.0722733228947395,-0.0127170295040369,0.0326669849591298,-0.0594372717712785,-0.0114531006814518,-0.0902078398824944,-0.0429389705214255,0.0374505741298451,-0.0392738944415469,-0.0640857093111171,-0.0965052039673286,0.0131848486118931,-0.00558436237266885,-0.0426174850280684,0.061981387206873,-0.0626567288612543,0.0101614568926026,-0.0601700390497279,-0.0653445017243935,0.0133809112205239,-0.0226166116724788,-0.0574209715095775,-0.0580894184772702,-0.0942556097122226,-0.0406697842289632,-0.0272550837796351,0.0649392253400835,-0.000600627143172647,0.0349204478463993,-0.0415612318711983,0.00231672522714449,0.00168221978532796,0.0110249364542943,0.047451953886542,-0.0029549342246291,0.0466081879786359,0.00467445149320036,-0.00726823043451266,-0.0391995956909271,0.0468612006161668,0.0235348500772744,0.0342176848949927,0.0376846429329826,-7.04204218809207e-14
"A14",0.246096390368941,0.0815579008706859,-0.101961352462999,0.16749634529548,0.162166576417939,0.182128041592719,0.0423007729826761,-0.0799736286167788,-0.0101929464903619,0.064511634460181,-0.00930020392488449,-0.135072239548566,-0.100456954505212,0.0479850503869331,-0.00876513032857688,-0.0769809145617055,-0.0132121028106885,-0.0176791885960789,0.17346226266103,-0.0817083932443635,-0.0809613671435054,-0.0599828914327271,-0.0375675576533752,-0.00156512817803534,-0.0445074970698374,-0.0254272470386506,0.0718462717731247,-0.0591942034700622,-0.060697301362272,0.0138335340419617,0.00849232353641352,0.0329835549528723,-0.0148374941757827,0.00426488600092487,-0.027024723854607,-0.0414143294963082,-0.0825882752983439,0.0647034150991722,-0.0498680848485674,-0.000364338257716879,0.0202638312510027,-0.0301021697089704,-0.0373577348223292,0.0240341665978254,-0.0160665094698387,0.0289163481677623,0.0182010777979371,-0.0361946699895532,-0.05796877801648,0.0310101564111543,0.0295112574164045,0.0156634902731394,0.0242816121043428,0.00606828283428639,-0.0310282279678589,0.0035320808574058,-0.0168855884052827,0.0125145343564412,-0.0277053954701913,-0.137520988891779,0.107708922353273,-0.029244761503716,-0.00968480299661765,-0.0426990998078046,-0.0228930523150348,-0.0106047863606701,-0.0194653346912565,-7.04480419312647e-14
"B02",-0.137967740954561,-0.168526075641296,0.234931140010871,-0.135624600044118,-0.118888901147817,0.218617174874763,0.0462759708774692,-0.135597429466216,0.0691176089702118,0.0155989518175855,-0.14160455151837,0.0912488500383896,-0.173189122782367,0.154268338920112,-0.147952749492299,-0.213158007202272,0.0928981534780351,-0.0844731783120181,0.0530867847888298,-0.0942567778114844,0.153401601444852,0.183132702099845,0.157335085384747,0.130239691067989,-0.000659602239477414,0.0733782271582998,0.0915220404173948,-0.0102162777031357,0.0548412126670308,-0.0450529104810711,0.0251422856560451,-0.103358870135249,0.00647819497433993,-0.00946341771822754,0.0197653870172443,0.0186293282013935,0.0757595279382505,-0.0117693914839544,0.0287116936601708,0.0278881764409424,0.00280984533194098,-0.0134141102041475,-0.0142829229491242,0.0157391307786332,-0.010151493331817,-0.0388147554685851,-0.00829505322236597,0.0277076669075951,-0.00555218057549442,0.00267989145093408,0.00479438747056694,0.003469944250938,-0.0129437361631069,-0.01161057997876,0.000780104678337514,-0.00547115088402229,-0.00309605080633034,0.0166160487896156,-0.0160726229180536,-0.0197896935594462,-0.0043044427138494,0.00656672526457371,-0.00416548740135919,0.000740208395363327,-0.00041860512984755,0.00678877204398982,-0.0126750819404993,-7.05153708861761e-14
"A10",0.191532536164315,0.183341861357834,-0.0841058888597022,-0.0205036470388025,-0.0772945944221998,0.182512889223711,-0.0516439921913661,-0.0330224826158458,0.030508121336065,-0.0724685947899017,0.0470179578798991,0.135429745956201,0.00868682203432566,0.0847945623986264,-0.0519609130383759,0.012744316494504,-0.120199447024898,-0.0121268392706603,0.0253138557160718,-0.0606550540008328,0.0579460479796881,0.00582662851521278,0.0361826893299028,0.0371114133989551,-0.128190818017156,-0.0116212376705323,-0.0395517008547066,-0.0932669836885974,-0.110388256317111,0.0370381800660491,-0.0309824782072788,0.0796865797560038,0.113277892362356,-0.00242017131752762,0.024081280606356,0.00276164433178675,-0.136892110074645,-0.0869321368603197,0.094598133329493,-0.00208345991311327,-0.0622710017400488,-0.0679780482379626,0.0747009224554642,0.00521297106686009,-0.0489418968104468,0.0569528841792601,0.0223635749081996,0.0107465544733863,0.0138917177160013,-0.0262394841446989,-0.0160121691129855,-0.0214325347457964,0.0605003179962791,-0.0725371259450414,0.0323479863439585,-0.0101334177889267,-0.0639480461591512,-0.0304996521854602,0.0229158105097485,0.0271547855299685,-0.024838459030232,0.0257810349757447,0.0371225297505957,-0.0126777402759135,-0.00734537657495815,0.0264308661674201,-0.013977625012423,-7.05503126893162e-14
"B01",-0.0801090086437366,-0.291991117462814,-0.0377578132738506,-0.13964954135971,-0.162325876928005,0.0525886426396903,-0.02420912498575,-0.11966355694502,0.0787824747184123,0.00276534211440324,0.0199084334104457,-0.0331026229952804,-0.0719733185417971,-0.039240240277208,0.0531718936870304,-0.00659833033206851,-0.0944660832903672,0.0585574995144829,0.0547851660104703,0.0505753348102886,-0.0144700493407488,0.0784182567526252,0.050950779898333,0.0078936899134986,0.0650729254005976,0.0125757086638571,0.0667822861858201,-0.0291899279128916,-0.0223105127391192,0.0395304909609012,-0.054253034215319,0.0531411642241021,-0.0302115852825362,-0.0255083694011405,-0.0213456068228989,0.0031819569663263,-0.0372302187100973,0.0546153130815794,-0.0486147234618837,-0.02636691372035,-0.0248982015456889,-0.00342435909410256,0.030591278079221,0.0525107560783276,0.034224761987488,0.0404863789662461,0.00955712886524301,-0.0267578603397732,0.0264966600240117,-0.0410853260838694,0.00250519267545015,-0.004900973774458,0.000496309296575591,0.0290543069677753,0.0148553404803541,0.0680401025360834,0.0579600771502148,-0.0888340203032097,-0.0647488526823237,0.0399157781151982,0.0204466797515944,-0.0619860305386127,0.0815789402114335,-0.0258521753496473,0.054265942571085,0.0146011160801946,0.0966534707205889,-7.04298646042167e-14
"D17",0.262036056552942,-0.114339891124509,-0.00566778829978434,0.093429476591649,-0.106560538585206,0.127934463171896,0.027500586302272,0.0925051723014242,-0.0736115106895601,0.0903119023808582,-0.0603777895091039,0.114857678105849,-0.110112073986076,0.0917769659263907,-0.00736218156032146,0.0334890164220771,-0.0817210152005695,0.163760221766386,-0.0512997676151997,0.0644631809023154,-0.00937762199257997,-0.112443145317792,-0.0650635525236529,0.124927679316573,-0.0374506657977706,-0.0606166655011466,0.0903544334138297,0.0429923549068626,-0.00973183532377977,0.121259857541094,-0.0110575976962437,-0.0206775925852071,-0.0146724991268911,0.0454721536650001,-0.00206879349247929,0.00995707287636254,0.0194054239070286,-0.0303791179996814,0.0501096406175068,-0.0583512989075952,-0.00237512563688632,0.0294576367607655,0.00133162545079139,0.0333161675172491,-0.0132484987580595,0.0320911592683037,0.0621608146295831,-0.00967710479032862,-0.0130618812136649,0.0296461372360414,-0.0334289024379245,0.0148530548134473,-0.0649973540316377,0.0215088387076247,-0.0264840314284644,0.0716765175611957,0.084812965332222,0.0320752559840115,0.00594946344943474,-0.0511857896887197,-0.0861345064011475,0.0724151982870915,0.0140884899697184,-0.0137297185401107,-0.0199927639226891,-0.0309869311277252,-0.00137904428005863,-7.04919521192504e-14
"B09",-0.0654620972374374,0.0827989044469003,-0.119839869436367,-0.0789637965242175,-0.16499468510119,0.0427012011734406,0.00344318343917288,0.0366788985970244,-0.0251142897118839,-0.0667082642779968,-0.109720662571425,-0.0543106791359668,0.0515053476218617,0.0703658493959066,-0.0347489687169697,0.0332230236739737,0.0177310623138262,0.0107987279545922,0.0767363698168353,0.0537119773411036,0.0469053467080643,-0.00169475957555989,-0.0408329977965058,0.0200040660949415,0.012856746659119,0.0706390617657759,0.00542439465932536,-0.0187683735012568,0.0393642506829344,-0.00600033502737226,-0.0150212002655476,0.147756627605126,0.00810014443259549,-0.0570340674373642,0.0316987943179395,-0.0267589146098415,0.000257276822200397,0.0883224676063349,-0.061453909079626,0.0436701931503444,-0.0141738966156798,-0.0304947212061724,-0.173029157108275,-0.0035500257938076,0.0434430905473211,0.00292631547092981,0.0430715148215245,0.0142170622210338,0.0547802258107034,-0.0201921569913674,-0.0331605512733441,-0.0800886256479422,0.0231994934207112,-0.0546530936401905,0.0913605269975168,0.0358304600083113,0.00866049536486192,-0.0205555955284108,0.037902953571272,-0.0235151406436737,-0.0402133805532887,0.00986708158024516,-0.0561990216584282,0.0354564840883387,0.00363113640285688,-0.0708868367328619,-0.00538375422486598,-7.045492661506e-14
"A02",0.229682426669187,-0.00703316360340426,0.161253615015239,-0.130982633101297,-0.0497143594917737,0.128041511284406,0.0666917571319737,-0.0239536625724054,-0.0493420920349276,0.0127027257184147,-0.00408374201130742,0.0318302248505337,0.00244907088916282,0.108323256224128,-0.00378682297858258,-0.149717033013375,0.0782611900530955,0.021974120607119,-0.00347481180655036,0.0893764275084329,0.0228290275292667,-0.0465014259609008,-0.0437172445125635,-0.0501536585668198,0.0673240815357444,-0.0679993284486321,-0.0533999349670186,-0.0243520921031609,-0.0196517566916048,0.0514916018901929,-0.0408520155969406,0.0513739515859878,0.0788751062245856,-0.0559048910004322,0.00834579871746326,0.0355105876056916,-0.0532148813616072,-0.152548548261444,-0.0903495669574356,0.0481006075501735,0.0673165730168537,0.00841703327885451,-0.0444167647506321,0.00726217735978914,-9.62548343011138e-05,-0.0204386676253744,0.0101496904237568,-0.0332830211570281,-0.00268061918445636,0.0921485023613609,-0.0482343549679097,0.0676829783715656,-0.0469333694541135,0.0870745150255902,0.00950279983506386,-0.0375054228471767,0.0100115791517761,-0.0688683988509486,0.0490469187921032,0.0455413198090491,0.00825291623109627,-0.0640299837997036,-0.0219681579345806,-0.00687541518676222,-0.0141436625745186,0.00252471061352659,-0.0276023395949789,-7.04715149082991e-14
"B13",-0.14508387880997,0.0771770989243928,0.132418537178001,-0.0584869121643191,0.00896750611360031,0.17212004236636,0.0859429545161453,0.13717015363053,-0.00800285646066738,-0.130974177470462,-0.154303552014596,-0.0696331239215974,-0.0309694620696133,-0.11139223856947,0.155519979677917,-0.0635421161669441,0.00374112822506385,0.0656412500852196,-0.0700576076330076,0.0952504584056309,-0.0029820970227826,0.0557022642732351,0.0829801156721995,-0.0713896519661073,-0.0360412371799257,0.0405461405944122,-0.0124253795007209,-0.0865179385145631,-0.10278980665904,-0.00283677126934647,0.0752580415090991,0.0919288814113747,-0.0455567126677538,0.035469308185653,0.00612359558545333,-0.0662124868959725,0.0204624765789418,0.0131482097042346,0.0389161061761498,0.00575641775247056,-0.0265092292395744,-0.0395608088886634,-0.0570563529887794,-0.0277583171605574,0.0318115345562331,-0.0238518747601289,0.0382046040656871,-0.00156094945868943,0.0190933565273459,0.041976296188345,-0.0215631932558802,-0.0309386898961004,-0.0174901147188778,0.0676000477063253,-0.108435283108053,-0.0123419491353157,-0.0654775978488232,0.0473696256649886,-0.020567791914462,0.0314902006349837,-0.00428114554322998,0.0516380510601007,-0.00163270548907127,-0.0448326709942487,0.0673988531563408,0.0146091697593235,0.00253177346430281,-7.04152515918106e-14
"C08",-0.377611098817916,0.109292588239161,0.0332104885712341,-0.10128439215904,-0.0229543148132689,0.0435639247067327,-0.0414547005446863,0.00572334519194096,0.0953380061896222,-0.0453351781720068,0.0435361480596881,-0.0830090327432271,0.165634651922728,0.00114297850228567,0.0158049508418109,-0.0204290494645558,0.0191241233218684,0.0666219314472279,0.124937175731069,0.0792849204377476,0.0272498127396271,-0.186627166223619,0.0133944967889566,0.117407125339412,-0.0118176477621479,-0.0539463884672609,0.0698905453884599,-0.0348048369996705,-0.0756523396861682,-0.0604793779261264,0.0919046379902879,0.0529128877062735,-0.0487302464095626,0.023677961818441,0.00333099910608624,-0.00580783225504272,0.0641825282901103,-0.0625802779654547,0.00745103778896676,0.0191520649628959,0.0257056903983922,0.0355393800786199,0.0433670431614742,0.0182170400059225,0.101679636564318,-0.0768984338115151,-0.0491691104314488,0.124985220092134,-0.0533537297508302,0.00632854062497269,0.0583612459828974,0.0343498710034722,0.0437125478438965,-0.0054457437607929,0.0286206877982624,0.0414988612892506,-0.00451217106479429,-0.000327611857288395,0.0212543866448744,-0.0115700054784868,-0.0173492938121998,-0.0272746780310421,0.0567177590962639,0.0132252414386897,0.0126264827014788,0.00925537501700102,-0.0271614325001748,-7.04839967858098e-14
"D06",0.269192912261202,-0.0735122850398427,-0.0364218832692551,-0.111274126313759,-0.0587555543381978,0.0357663439824946,0.120207170696503,-0.0868101174694671,0.0233372812382093,0.121802858246128,0.0460820962395574,0.0121221034201715,0.0424904717194104,0.0661111915420798,0.211126466776566,0.115015769253685,0.0491481156295069,-0.0771886611369705,-0.0416577306393786,-0.0468291891237096,-0.00219332902715126,-0.0434669662604811,0.0189861721282195,0.00713522699816859,-0.10154085699358,-0.0256454669278198,-0.0500000873564985,-0.0819732396659872,0.123686987918849,-0.117147486769586,0.0585384354563236,-0.0537850616053127,-0.00793495861103047,-0.00884020693078812,0.0170595420422003,-0.0174699235497165,-0.0169944026279992,0.0680313624592841,0.0976115967961324,-0.019533686672328,-0.079262509188412,-0.00200274187953411,0.00277996952870506,-0.0730765491160824,0.0368186417927817,0.0109079566746687,-0.0288420075875825,0.079792681304466,-0.00803015949621041,0.0353528986584911,-0.0803096068358504,-0.00437133235288401,-0.0268833840043438,0.057980711878932,-0.0143210914311068,0.0123016004958901,0.0140600703442393,-0.0883025439054216,0.0283078358411101,-0.00616555126396492,0.0259464676766669,0.00135842091379909,0.00276220742996435,-0.0354192481652161,-0.0588471575554754,-0.0389173550600496,0.0159076908824062,-7.04416722435014e-14
"B16",-0.0808403899525965,0.0720397569540611,0.169215435184658,0.190310027321272,-0.0859457983513598,-0.0859041736510691,0.0299196276835753,-0.107881704205435,0.136464053801059,-0.170840659342306,-0.0630658516490587,-0.0520299245802087,-0.125456606028608,0.0677103176374825,0.0220856728209139,0.0388966383290908,0.0262107101322103,0.217497121230314,0.00818842241389376,-0.0404155160288657,-0.0758260163910398,-0.0150833628151933,-0.0593576428063589,-0.0143320735446191,-0.0408303948539546,0.0469183552723069,-0.0339221219495671,-0.0189463109411988,0.0281435830351378,-0.124629408534286,-0.0361884917543028,0.0433804125138647,0.0441619509827861,-0.0846459819294172,0.0537758082206776,0.0255148375444325,-0.0506207966289225,-0.00138446707945212,-0.0657887800313495,0.118388409624176,-0.0404012098222005,0.055780546231669,0.0464321850612239,0.0188095208078097,-0.0581942838576638,-0.0227765337783546,-0.068417413434083,0.00708455475987977,-0.0427062680966187,-0.104678606741124,-0.0475312357051578,-0.0283391359396619,-0.0241384735788892,0.0544677442604375,-0.045181211084499,-0.0195481542899901,0.0268224952726329,0.039731503300277,0.00102397401032549,-0.0209894926999214,-0.0239153992934673,0.0183680726455951,0.0226842861568514,0.0336164143280902,-0.0126709198331126,0.011600320290906,0.0018485380422466,-7.05622897351904e-14
"C06",-0.36832385266275,-0.0483007373917336,0.0350376127488006,-0.131106239854619,-0.0758156942272362,-0.0744413792868087,0.159623832812214,-0.0105352198635177,0.0109111640301746,0.144435547573352,0.00500745159761208,-0.00480558064514496,0.0669889390708428,0.0571040990285867,0.145060869223354,0.0324786539898073,0.0802351090075596,-0.0861167784053766,0.00436272324294375,-0.0243702448929949,-0.129199663186745,-0.00661108166858874,0.0729102047428731,-0.0246703854854691,-0.0777971269797355,-0.098622982297852,0.0216061764763337,-0.0112743072954938,-0.0437197934128195,0.113935945763646,0.055740683821406,-0.0366023370631149,-0.00108473502109213,0.0293419320988727,0.0860478594691041,-0.0218223100649249,-0.0149875067528881,0.0658492964291783,-0.065714521143499,0.13370090139606,0.0258525564184063,0.00439875375406991,0.0347951255410338,0.0903960665266627,-0.0101721658362746,0.026149268405997,0.057804335863644,0.0206226348656376,-0.0206347802864662,-0.0189753856646482,0.00940409960713139,-0.00533378604681075,-0.0781251016138253,-0.0652766142965306,0.00209653477989597,0.0222829424958703,-0.0493681491926959,0.0250752283825005,-0.0189045743216947,0.0311405919965627,-0.0402484022682924,-0.0226700762247495,-0.0523691058887969,0.0158560230402375,-0.0430006850358825,0.0483461062556739,0.022705493803638,-7.04090580869003e-14
