"","mid","Hotelling.T2","ac_vip_c1","ab_vip_c1","bc_vip_c1"
"1","Flavone",320.26067,2.15249834276665,2.83011496958737,0.886902134615953
"2","His-His",314.66541,2.26305714635589,3.06664814878749,0.844891013949592
"3","Hydroxyisocaproic acid",311.26021,2.88714575765102,1.77677482036581,3.12901839154862
"4","L-Threonine",292.44433,2.32144252440568,2.79333983423219,1.20517955323413
"5","Glucosaminic acid",288.27967,2.07186605719083,2.33923283509466,1.22332773072735
"6","Methyl acetoacetate",251.36593,2.2222559085135,2.96104619356168,0.877981469632149
"7","Allopurinol",241.57654,2.75649327407982,2.98140129449743,1.75319931694115
"8","Dulcin",229.59236,2.15853784854943,3.16914965331982,0.571388139493333
"9","2-Butoxyethanol",229.00788,2.42921917833559,2.54526643341623,1.62395400517509
"10","Glycyl-L-leucine",215.73429,2.30040667386316,2.70917367673017,1.25078586481347
"11","His-Ile",214.08335,2.31890296765962,2.28538763262981,1.68879396972343
"12","Capric acid",211.53153,2.16776717362486,2.603888019984,1.12975710175757
"13","N.alpha.-Acetyl-L-lysine",188.71992,1.89568174207229,1.30472443420802,1.92184920291215
"14","gamma-Aminobutryic acid",180.11883,1.74987416077567,2.53584441708775,0.495201637547385
"15","Formylanthranilic acid",171.29495,2.19111980049643,2.45162983765311,1.31510717878291
"16","cis-4-Hydroxy-D-proline",167.8685,2.96494108048652,2.43507415151108,2.62704377607348
"17","Caffeine",167.07603,2.9444206615927,3.11767592391158,1.93706339577901
"18","His-Phe",165.47139,2.04974229020718,2.2443896763007,1.27736677729728
"19","Hordenine",155.98899,2.50549888064545,2.74780472645303,1.55718121960207
"20","1-Methyladenosine",155.82729,2.62706803967259,0.831892292200546,3.60094882474182
"21","alpha-Guanidinoglutaric Acid",155.28653,1.97504791578785,1.67888648942211,1.69540803080925
"22","Acetoacetic acid",154.1577,1.92718128753543,2.52770841108072,0.799979005517899
"23","DL-Norvaline",153.83086,2.09955000908618,1.57625759333715,2.00250146935996
"24","His-Tyr",149.94405,2.39642460867787,0.767277308250202,3.27671550139727
"25","Arg-Asp",138.88428,1.63391576219989,1.69253689730027,1.11095175255005
"26","Allopurinol riboside",137.97068,2.27523363118217,2.61714721200378,1.29701250611177
"27","L-Alanine",129.63659,2.38874387988904,0.706314895885015,3.32240338488402
"28","L-Lysine",127.92298,1.47957267767274,0.724492630464857,1.78221789122407
"29","3-3-Indolyl-2-oxopropanoic acid",126.12196,2.1993658314643,1.55610990380296,2.18902917305838
"30","4-Guanidinobutanoic acid",123.88576,1.83825325497657,2.56109945580518,0.618967016414943
"31","His-Ala",112.84141,1.58852777339335,1.78473669464941,0.946379401853579
"32","2-Octenoic acid",112.45102,2.19783925564945,1.47980732956818,2.25975795983439
"33","7,8-Dihydro-.alpha.-ionone",110.47779,2.01775225696645,1.90578995935194,1.5489997313836
"34","Indole-2-carboxylic acid",109.38803,2.38580247728488,2.02927771417338,2.0468240403923
"35","S-2-Hydroxyglutarate",107.98737,3.31104490651307,1.90290534750989,3.71784306995927
"36","Leu-Asp",104.46787,1.65570790389189,1.98709065823281,0.864543228320568
"37","1-Methylxanthine",103.60983,2.035607354358,2.79347319563985,0.72632007895255
"38","DL-Homoserine",100.95715,2.08054435076667,1.8711407447359,1.68744633323872
"39","3-Methylthio-1-propanol",99.61457,1.61267498859172,0.890528741804092,1.84567340874774
"40","4-Aminophenol",94.29738,1.42686718802787,0.649748943664411,1.76573236214849
"41","2'-Deoxyuridine",94.04254,2.17635030029729,2.06107951288369,1.66547844711714
"42","4-Methoxyphenylacetic acid",90.53174,1.79375445073316,0.998464194228618,2.04528687866618
"43","Inosine",84.30198,0.928412269861563,1.54474993872244,0.0712818304336064
"44","Arecoline",81.00091,1.76692137206536,1.61728898521347,1.40598897505691
"45","Dihydro-4,4-dimethyl-2,3-furandione",76.31509,1.16782950771203,0.662616224319855,1.3195242757914
"46","Ethanolamine",75.24002,2.63496022745042,0.262542336297774,4.16100495145049
"47","Dopamine",74.7369,1.44972477018798,1.82150257148906,0.678592865426685
"48","Bufexamac",74.68711,1.94127210658027,1.60451687973284,1.710267614167
"49","DL-.alpha.-Phenylglycine",74.59118,1.79352681840241,1.48995240065867,1.57285084175248
"50","Deoxythymidine triphosphate dTTP",74.06371,2.64170966007937,3.64090887505496,0.927523157048883
"51","5-Amino-4-carbamoylimidazole AICA",73.25192,1.3687446662047,1.29265852034984,1.05089682175727
"52","Atrolactic acid",73.11844,1.82267801446342,2.27640409820295,0.866319322685704
"53","Deoxycytidine",72.16841,1.09966599435439,1.39530293905932,0.501644214006851
"54","Allocystathionine",71.62148,1.48779409363329,0.818475869302815,1.70572039371342
"55","Arg-Ala",71.49967,1.39894585747081,1.69461066065317,0.715420351877604
"56","Larixinic Acid",71.25331,2.23024935614486,2.36548192262298,1.46338499382391
"57","Dacarbazine",70.18027,1.41340376157096,1.74196785327171,0.694150498812124
"58","DL-3-Aminoisobutyric acid",69.70637,1.61425359145376,1.0851504159048,1.66139099113043
"59","Homocitrate",68.20712,2.05657855776275,1.83156495610277,1.6853181592343
"60","L-Carnitine",65.42668,1.72174136662146,1.25373651244584,1.6794968130482
"61","Kinetin",65.274,1.56462932838814,1.61887124312286,1.06566020148546
"62","L-Threonate",63.42214,0.882402741287934,1.50647805115196,0.0309813339303794
"63","Indoleacrylic acid",63.24881,1.82926220833278,1.65590229654716,1.47331405844559
"64","Glycitein",62.25001,3.09979051875979,2.1172164841741,3.15818611416982
"65","Choline",61.18579,1.50663502781843,0.506666960599702,2.0367561550985
"66","Citraconic acid",60.47703,1.70426195144229,1.4405436846624,1.47080056734276
"67","1,3,5-Benzenetriol",60.23758,1.79766810607433,1.72897615360169,1.35021411713773
"68","D-Lactose",59.0867,1.54538338445507,1.16600663112431,1.46838447586768
"69","Guanosine",58.37355,0.98889803601724,0.234799108803901,1.88177225488333
"70","3-Furancarboxylic acid",58.21475,1.82996812390137,1.79863168413599,4.79243823691439
"71","L-leucyl-L-proline",55.2404,1.08742012051764,0.975406286615314,0.88442815636082
"72","L-homoserine",54.78094,1.09681739166607,1.8725612001423,0.0384857356667388
"73","L-Erythro-4-Hydroxyglutamic acid",53.91407,1.10175731708942,0.486328095063326,1.37818089128391
"74","Ala-Asp",51.21523,1.32904502382049,1.1077850662984,1.16196939356046
"75","4-Aminobutyric acid",51.01852,1.45890753354337,0.40025611719951,2.05902306645451
"76","L-Pipecolic acid",50.68651,1.29432384178632,1.3501016266988,0.871081203768108
"77","Lys-Thr",49.01926,1.20192779700836,0.626367306674752,1.41144947474428
"78","Daidzein",48.27949,3.6817942845114,0.800536905423016,5.39757396896226
"79","Gly-Gln",46.31723,1.70002196595718,1.65669782484968,1.25609180645493
"80","Eicosapentaenoic Acid ethyl ester",45.49185,0.916477115983855,0.585653446815479,0.972466086498331
"81","1-Phenylethylamine",45.42188,1.23768904193744,1.18735626962777,0.932536753169671
"82","Met-Tyr",42.75113,1.34343968571363,0.04596537664838,2.20591370143512
"83","Albuterol",42.73563,1.19537268593209,1.35538547754667,0.700277811087044
"84","Butoxyacetic acid",41.95545,1.16227691650733,0.745646979834266,1.23047678811045
"85","Chlorogenic acid",41.7869,1.5447978822666,1.84669661724312,0.813628309671336
"86","Apigenin 7-O-neohesperidoside",41.21319,1.50798434257457,1.20867890485222,1.36476163049569
"87","3-Hydroxykynurenine",40.3812,1.37554613759135,1.33103063150824,1.02543339472399
"88","Erythritol",39.77975,1.10828881032657,1.32082370223122,0.587620479361447
"89","Isocaproic acid",39.54277,1.51554412839333,1.62721208997633,0.975438743751743
"90","--Medicarpin",38.67458,2.6475379412549,2.6149242156741,1.92270193673343
"91","Asp-Pro",38.59701,1.41700817692602,0.951491808195365,1.45940801895699
"92","2-Hydroxyphenylacetic acid",38.02499,1.21508697207453,1.04778104228738,1.02873807830345
"93","4-Hydroxy-6-methylpyran-2-one",37.81762,1.0589180927551,0.941554206901233,0.869205070247346
"94","Lomefloxacin",36.5218,1.00541683109407,0.745082035896123,0.968302087285005
"95","L-Fucose",36.39453,1.29464118815014,0.738004114832492,1.45950791769899
"96","3-Methylglutaric acid",35.97689,1.33113593977018,1.46783962473522,0.81965334802153
"97","Acadesine Drug",35.75036,1.06875056082837,0.312402424891805,1.48994814260195
"98","Camphor",35.74408,1.1683086750201,1.34232174978605,0.667496807736572
"99","Hippuric acid",35.18176,1.29791415368031,0.880933700817665,1.32771149094224
"100","L-Valine",34.92476,1.13710511180371,1.17526827319079,0.775683671766299
"101","Anabasine",34.45825,1.25918477022212,0.481185886336791,1.64678734075738
"102","alpha-ketoglutarate",33.41756,1.03780100881578,0.499158181331664,1.25874080445944
"103","Midazolam",33.12112,1.26700351468548,1.65286792206298,0.53452878957989
"104","4-Methoxycinnamic acid",33.06938,2.11242628268699,2.65393114810105,0.989004917268395
"105","5-L-Glutamyl-L-alanine",33.04669,1.72445970476799,1.07003911256399,1.8604836386497
"106","Alantolactone",32.92919,1.09705311483119,0.528507766256503,1.32979016330476
"107","Met-Gln",32.63837,1.16351063553088,0.69919611864337,1.27715728032987
"108","4-Methoxybenzoic acid",31.861,1.01169277849378,0.072368922536573,1.62492743504168
"109","Cyclohexylamine",31.69103,1.37398894818717,0.0556874091479591,2.24774154744121
"110","Lys-Trp",31.48658,0.802637206379796,0.841471743720837,2.15249790376962
"111","Gentisaldehyde",31.0898,1.41772992425615,1.18509051057861,1.23625461732079
"112","N-.alpha.-Acetyl-L-arginine",30.90108,1.5016633270439,0.927726275133289,1.62401864625145
"113","Acetoin",30.71591,0.809017964672514,0.666848898111312,0.714503007711587
"114","Isovalerylglycine",30.3204,1.50790967695823,2.31430223001621,0.302729544097333
"115","Erucamide",30.00936,1.23778100934738,1.50834447366865,0.624394438852326
"116","2,5,7,8-Tetramethyl-2-.beta.-carboxyethyl-6-hydroxychroman",29.61881,0.770475531146238,0.198987130632666,1.48155107976412
"117","Coumarin",29.57621,1.14057680829194,0.779866074983873,1.16126626139669
"118","Levetiracetam",28.82402,1.13182575122955,0.896833205931051,1.03426728644479
"119","His-Ser",28.58681,0.967070595387975,0.921602344161247,0.734537143415647
"120","3-Amino-3-4-hydroxyphenylpropanoate",28.55045,0.877235174478928,1.00480559925361,0.504162775828918
"121","Indoxyl sulfate",28.01495,1.90608704832017,1.95252330563332,1.31709160735463
"122","-Methamphetamine",27.6777,0.639343009255063,0.952249535320816,1.98540206005324
"123","Asn-Pro",27.54558,0.666119140952187,0.998947184299363,0.156201601029333
"124","D-Ribose",27.05689,1.14452283081787,1.07527189694262,0.884149771966178
"125","Gly-Pro",26.93505,1.26497184864972,1.56248215691859,0.617937967603631
"126","21H-Pyridinone",26.47974,0.541650899922213,0.225057359896513,1.12334327849292
"127","myo-Inositol",25.74896,1.02146350193689,1.83743588840204,0.0539843605703636
"128","Cantharidin",25.09699,1.82116203002654,2.01702840652713,1.11290026371538
"129","L-Histidinol",24.72643,0.602076195725768,0.511127708062146,1.49930579995671
"130","L-Anserine",24.56422,1.04559459438331,0.273404573653191,1.48862122182727
"131","Dimethylbenzimidazole",24.24781,1.44382695516678,1.36712648523807,1.10512498056188
"132","Methoxyacetic acid",24.11743,0.686187662578808,0.490385073657398,0.67826697864266
"133","2'-Deoxyinosine",23.85843,1.11310032672371,0.655696646511561,1.23450701776365
"134","Gly-Glu",23.58743,1.03480024092876,0.484185244363262,1.2680958724426
"135","L-Leucine",23.13329,1.10228941760371,0.999491113694519,0.886199502680087
"136","5-Aminopentanoic acid",23.02317,0.386101188930072,0.903831004219544,1.5147556211973
"137","L-Citrulline",22.84394,1.20404405105421,0.702708839702566,1.34167089291421
"138","Dimethylglycine",22.73527,0.741532724212949,0.232131446114957,1.01900401482076
"139","Aconitic acid",21.57476,0.881175684089231,0.237505411190964,1.24772371909712
"140","DL-3-Hydroxybutyric acid",21.49312,0.772214967735898,0.158011107023786,1.14158183259211
"141","2-Phenylbutyric acid",21.43721,1.86831843665732,0.564398444058604,2.58707327366031
"142","His-Glu",20.9588,0.669528484414801,0.881468674852908,0.274745159009484
"143","2-Ethyl-4-hydroxy-5-methyl-32H-furanone",20.88131,0.664798535541202,0.50735768239592,0.62614186031309
"144","d-Dethiobiotin",20.8045,1.66286777093363,1.57590454489885,1.27146277482667
"145","Glutaric acid",20.77192,0.567537613728373,0.294322974271998,0.667855611950476
"146","3-Mercapto-2-butanone",20.67141,2.12684939265016,1.19614219234179,2.41330953199191
"147","Diacetyl",20.4718,0.897594804453257,0.848875648105966,0.688026615577249
"148","Doxepin",20.41133,1.74530711589209,0.856642835383664,2.10035854954954
"149","Acetomenaphthone",20.36666,1.28903236236423,1.85889844223419,0.373539748785484
"150","D-4-Hydroxyphenylglycine",20.36253,0.90520216495698,0.312410995678325,1.21602067880238
"151","Clofibrate",20.3024,0.840767954594072,0.969803179122889,0.476704033908945
"152","DL-O-tyrosine",20.29755,1.31540752698612,0.79085085807565,1.44353126024717
"153","Methylguanidine",20.21221,0.868410851635624,0.430521399023516,1.04096037871781
"154","His-Asp",19.86778,1.60437651399486,1.85406563990165,0.906336002410405
"155","D-Sorbitol",19.69393,0.681995165986407,0.034062351659476,1.17495597016827
"156","3-Indoleacetonitrile",19.47561,0.72057188724476,0.105836733289949,1.30850266526405
"157","D-Maltose",19.44781,1.29954727671453,1.14651433012846,1.075367144934
"158","3-Deoxy-2-keto-6-phosphogluconic acid",19.07075,0.862102674359441,0.208892776441716,1.24326055786295
"159","--Tylocrebrine",19.03676,0.399324368166953,1.40877600007107,0.684264156489616
"160","3-Hydroxyanthranilic acid",19.0271,1.00979585422053,0.322912784085373,1.38111299965565
"161","Histamine",18.03051,0.767644144352498,0.362400779003436,0.937618269149794
"162","Isovaleric acid",17.68427,0.623655542648903,1.02097579761048,0.0639237881927833
"163","Lisinopril",17.64491,0.737884157062627,0.943343135442465,0.329802793960559
"164","Kynurenic acid",17.41089,0.8378117467642,1.64080569838443,0.172718286657218
"165","7-Methylguanosine",17.35872,0.643084188004372,0.52484085371823,0.57298167106652
"166","L-Aspartyl-L-phenylalanine",17.2058,0.81041995193317,0.98938831007753,0.407064908512498
"167","7-Methylxanthine",16.85595,1.94191946662838,1.83528249052482,1.48971069618744
"168","Methylmalonic acid",16.70359,0.398334277877861,0.87496066496762,0.173214107740959
"169","epsilon-Captrolactone",16.54951,0.550918061275499,0.971884699520223,0.0107506334566871
"170","Glycine",16.12883,0.608640583474373,1.03281675502827,0.0274031988222876
"171","Monoethylglycylxylidide MEGX",16.11918,0.377343606697333,0.869987690904331,0.203594016264456
"172","Hydroxyurea",16.07252,1.9026930052568,0.695141926602809,3.85438376773622
"173","Capsaicin",15.94909,0.310465088533627,1.44038068300579,0.863445265539352
"174","D-gluconate",15.86052,1.06766460133114,1.35498012673548,0.48677509184087
"175","Griseofulvin",15.7737,1.5193491244113,2.60777279090586,0.040022167559361
"176","Jasmine lactone",15.69045,0.432899196386921,1.47579206320027,0.692397565415226
"177","Anilofos",15.58236,0.882246955598328,0.0952908356744944,1.38610935761065
"178","Arg-Ser",15.38925,0.746725522097887,0.0376324343198802,1.28679860845047
"179","6-Benzylaminopurine",15.38046,0.0900298690404472,0.865044810363419,0.981627617436777
"180","Betaine",14.86529,0.991744173253333,0.165059229772897,1.50249115203752
"181","DL-2,4-Diaminobutyric acid",14.72426,0.814002364531711,1.01060103221087,0.392690944526879
"182","Ile-Leu",14.67462,1.08991641002817,0.562211865902942,1.28546580330732
"183","Diethanolamine",14.47565,0.705386723123387,0.241522253188579,0.949445345437669
"184","Desoxypeganine",14.40773,0.910804542244528,1.05113989190197,0.515884235735351
"185","Ergothioneine",14.18618,0.56908549190646,1.24116820434745,0.238958938056639
"186","Benzamide",14.16658,0.7216992556896,0.66960542943401,0.565609622408513
"187","Ile-Thr",14.13646,0.857752051879647,1.13392523827489,0.347517189222667
"188","Donepezil",14.02993,0.661013768254712,0.92626153861361,0.217462520076575
"189","delta-Tocotrienol",13.97511,2.43078969991146,3.80702909272413,0.414711770111065
"190","L-Histidinol phosphate",13.95973,0.591226006462955,0.198612075231878,0.799456640387724
"191","Mephentermine",13.8034,0.625353657273236,1.19016058246779,0.0957273491240656
"192","4-4-Chlorophenyl-4-hydroxypiperidine",13.78577,0.504248624297772,0.60076487592812,1.42155209027857
"193","DL-Homocystine",13.42337,0.493358974434317,1.53675534683848,0.649689230184427
"194","Arg-Ile",13.33542,0.416746470887397,0.877694982102666,0.14500262601023
"195","3-Hydroxyflavone",13.29917,1.10953459625944,0.918715966407679,0.975915400946537
"196","hydrocortisone 21-acetate",13.10453,0.532794223294146,0.858985142116708,0.067330148606224
"197","2-Amino-1-phenylethanol",12.7744,0.610395848136189,0.930858519235026,0.12826981810235
"198","Maltotetraose",12.44279,0.84588697231803,0.371903667865395,1.05953622066634
"199","Methomyl",12.42509,0.618537039411122,0.200070380829254,0.843797913233904
"200","L-Arabinose",12.3491,0.579714501286988,0.639016688203016,0.357185545821359
"201","1-methylguanosine",12.30436,0.376908141281435,0.446006967670961,1.0596369376556
"202","Acetylcholine",12.09319,0.861571583634163,0.624446333394688,0.843248470409796
"203","N2-Acetyl-L-ornithine",12.07978,0.522688387347546,0.809698283119986,0.0977424358327179
"204","Bethanechol cation",11.96004,0.439071291583202,0.880148855852538,0.109968720321383
"205","3-Methylhistidine",11.90771,0.0393397454159242,0.877275270840708,0.77669962827384
"206","2-Methylguanosine",11.9016,0.467359556801008,0.317415734191414,0.477892596826623
"207","Midodrine",11.44253,0.605730356267116,1.03543229890286,0.020016875809355
"208","Diethylcarbamazine",11.10014,0.0168580638436178,0.958753683365808,0.892609860347704
"209","Glycerol",11.0875,0.610342791563647,0.229714427852502,0.801601844307975
"210","Butyl lactate",11.01346,0.187135939673456,0.692094053825069,0.978153547197672
"211","3.alpha.-Mannobiose",11.01074,0.573543624881526,0.391055278807274,0.58500727320121
"212","3-Methylthiopropionate",11.00788,0.7573621900145,0.715383128674934,0.581372080571896
"213","N6-Acetyl-L-lysine",10.85583,0.0553756845297863,0.886598314853108,0.7587962272385
"214","Ile-Tyr",10.84943,1.09694470794845,0.919563353202802,0.954015329867694
"215","Citramalic acid",10.71021,0.717454158357933,0.709706243925273,0.519984485688984
"216","Deoxyinosine",10.69592,0.617451912238305,1.07495134006157,0.00169227804772672
"217","Limonene-1,2-epoxide",10.66224,0.694115813547787,0.438646233742814,0.741238540738279
"218","3-Hydroxymandelic acid",10.65261,0.89983509530165,0.838208513663831,0.70202412592354
"219","D-Alanyl-D-alanine D-Ala-D-Ala",10.55285,0.712900220541711,1.02056808169493,0.213786941532442
"220","4-Pyridoxic acid",10.29808,0.512235180848742,0.245836563229414,0.621801524955324
"221","Imidazoleacetic acid",10.2187,0.589134962271372,0.449766410249441,0.554730747640356
"222","mafenide",10.19852,0.557974643269486,0.338208906917211,0.609688374119681
"223","Gln-Asn",9.94885,0.594659887807248,0.674236139284539,0.348389969112834
"224","Maltopentaose",9.83523,0.612180482200005,0.395739477392017,0.645219275583302
"225","Demethoxycurcumin",9.79296,0.506749450882644,1.32030550125645,0.419370745038863
"226","Dioctyl phthalate",9.77611,0.440317880588157,0.298492672011017,1.02415722991734
"227","Lys-Leu",9.75783,0.561185969033232,1.2030386200611,0.215567521276978
"228","N1-Methyl-2-pyridone-5-carboxamide",9.68614,0.494906357163422,0.692046166055156,0.164211826493638
"229","Gamma-Glutamylcysteine",9.64494,0.571194101066835,0.956293858712763,0.0381830964357754
"230","Glycylproline",9.63296,0.584688604889399,0.369925141978775,0.62396810891453
"231","Metsulfuron-methyl",9.45568,0.796471064190201,0.835421108889849,0.531581942259142
"232","Isobutyrylglycine",9.30438,0.648784391010585,1.09999889574083,0.0301123420970068
"233","L-Cystine",9.25418,0.722193231671253,0.0736869546186488,1.28033959798564
"234","Cinnavalininate",9.23434,1.00859358789203,1.02903706422877,0.700895222006644
"235","N2,N2-Dimethylguanosine",9.20356,0.622934503315409,0.156430114904826,0.893077742990362
"236","L-NG-Monomethylarginine",9.13721,0.493779807117564,0.611349837133479,0.239830622760687
"237","Lys-Cys",9.12612,0.863923435071731,0.715272736206951,0.759952340424033
"238","L-Iditol",8.81855,0.470403628508483,0.124758568248321,0.66803047502959
"239","N1,N12-Diacetylspermine",8.78228,0.647377083136594,0.584213571630788,0.523146508226001
"240","Mexiletine",8.7683,0.585216798934056,0.095733981916503,1.07209974011816
"241","D-Ornithine",8.50876,0.434286460347408,0.428110244040697,0.31618242626177
"242","11beta-hydroxyandrost-4-ene-3,17-dione",8.50686,0.73108361510494,1.48933529949599,0.205990762509844
"243","Melamine",8.30961,0.0273675150431542,0.815723363751634,0.829306217794675
"244","Ile-Ser",8.30689,0.413668700344794,0.449217992140807,0.261377596807002
"245","Ile-Cys",8.22434,0.590775447310081,0.926128090099143,0.0999519538538868
"246","D-Erythrose 4-phosphate",8.14778,0.93636900371204,1.14076514996034,0.472619425745906
"247","Flumequine",8.01814,0.424811774946504,0.268315294781158,0.969202644619038
"248","Heptadecanoic acid",7.86364,1.02582397604765,0.497071547442845,1.24068518488867
"249","Genistein",7.85855,0.650927893519086,0.358265673193719,0.74610751687029
"250","2-Aminoisobutyric acid",7.84962,0.618781099854287,1.01535048069177,0.0611627138463124
"251","L-Gulonic gamma-lactone",7.7695,0.421246167703956,0.171342175392741,0.540957347782961
"252","Ethylmalonic acid",7.7499,0.551886881416112,0.919878180285059,0.040822180138069
"253","2',4'-Dihydroxyacetophenone",7.56679,0.119377130050655,1.11893107984099,0.874749666267777
"254","Gaboxadol",7.43041,0.895983077310817,0.694762299173886,0.833346926993429
"255","Iminodiacetic acid",7.32902,0.342457042184378,0.362215341569129,0.225671233579819
"256","Glycochenodeoxycholate",7.29174,0.549526312616455,0.454324479464706,0.484014308688609
"257","Dihydrouracil",7.23657,0.0635321995645634,0.714563234759441,0.79271642172214
"258","D-Lyxose",7.16446,0.415108177887446,0.154531537973407,0.546823073624811
"259","3alpha-Hydroxy-5alpha-androstan-17-one Androsterone",7.12219,0.107299570048578,0.561502455321446,0.719011492332729
"260","--Mevalonolactone",7.01551,0.481873231647419,0.342944596074165,0.47768139106301
"261","Azacitidine",6.97675,0.424215769808099,0.050499936898312,0.661995131773063
"262","3-Hydroxycapric acid",6.97628,0.0850087278059368,0.563045010131899,0.398405265503774
"263","Hypotaurine",6.97204,1.00042950989014,1.34503388306067,0.383719285961109
"264","Met-Ser",6.91932,0.383157851420977,0.702725460218797,0.0332073311307189
"265","Gly-Val",6.90648,0.523371128033967,0.152306248222809,0.730284710684726
"266","Hydroxybupropion",6.89199,0.633588204477311,0.236954211454173,0.833580929795974
"267","6-Aminocaproic acid",6.8485,0.732738847312055,0.267393955314988,1.4840497706063
"268","1-Aminocyclopropanecarboxylic acid",6.77719,0.914959893518757,0.605266094460429,0.951087800077429
"269","Arg-Trp",6.72924,0.32681752817455,0.0807744998992012,0.469790058775202
"270","4-Aminobenzoate",6.68864,0.460156197514713,0.474016447381435,0.315419313071453
"271","Anthranilic acid Vitamin L1",6.6873,0.698075486421015,0.74430431931328,0.454298024002153
"272","Crotonic acid",6.63447,0.63273136470579,1.42253830829265,0.30656030859488
"273","Ajmalicine",6.62319,0.487173279088512,0.797878716903016,0.0496121342435961
"274","5-Hydroxydopamine",6.59461,0.821116289363433,0.296452886031216,1.09051647345116
"275","L-homocysteic acid",6.44041,0.63890166512519,0.257749877226925,0.822506779736399
"276","Enterodiol",6.42993,0.359721158948583,0.50035163976109,0.121911665095684
"277","Diphenylamine",6.41593,0.384085286010041,0.20192613599377,0.449343727105406
"278","Loxapine",6.33856,1.24177963458518,1.73476586428194,0.413622841419848
"279","Mestranol",6.31459,0.549414299442439,0.200043604042357,1.11232110456129
"280","beta-Hydroxybutyrate",6.23085,0.282573081702562,0.708068401482612,0.206803537984443
"281","Luteolin",6.182,0.436507173070708,0.558667448803478,0.194506810467637
"282","3'-O-Methylinosine",6.16824,0.770183843279773,0.106419127033855,1.18773203690709
"283","2'-Deoxycytidine 5'-monophosphate dCMP",6.16386,0.50150539337195,0.102930348952997,0.938807412626048
"284","Guanidineacetic acid",6.15428,0.585765534916316,0.358301799558805,0.63693556251951
"285","Glu-Pro",6.04679,0.532440138159414,0.54673790297045,0.366638107162611
"286","2'-Deoxy-D-ribose",6.04309,0.45351542452427,0.744001992174573,0.0449866767957177
"287","Glycerol 3-phosphate",6.01488,0.465616391304545,0.122006500461134,0.662655816073435
"288","L-Serine",5.98107,0.336156789787457,0.0194529460020014,0.58169639012923
"289","2-Furoylglycine",5.96733,0.567562181528708,0.344524674348979,1.28148440299129
"290","5-Hydroxymethylcytidine",5.95646,0.354428434664232,0.310913593533434,0.294994814403701
"291","DL-Vanillylmandelic acid",5.93402,0.10771495555932,0.711612157876756,0.863881573474816
"292","Inosine 5'-monophosphate IMP",5.92325,0.668138827492435,0.375062150806663,0.758800925091606
"293","L-Saccharopine",5.87914,0.933567467281288,0.692881634769408,0.898101491769294
"294","Lys-Val",5.8676,1.19212367463842,1.75138955729099,0.314490102857886
"295","1-Methylhistamine",5.83975,0.376187046713369,0.0817137457058116,0.551574549524782
"296","1-Aminocyclopropane-1-carboxylic acid",5.79354,0.600363594257945,0.480782214682646,0.543747594695542
"297","3-Carboxypropyltrimethylammonium cation",5.70689,0.768712082545937,0.138410541634698,1.42041617209597
"298","L-Glutamate",5.67283,0.947663859670853,0.261699311332456,1.33584424720934
"299","L-Ascorbic acid",5.65058,0.403283229267442,0.659477275886969,0.0420378359231739
"300","Maltotriose",5.60092,0.593831833337228,0.651283738784175,0.369047964765285
"301","L-Tryptophan",5.59078,0.345661662922153,0.307333437846239,0.28375037247833
"302","Glycodeoxycholic acid",5.57672,0.14536983041943,0.463461592357538,0.688609182715527
"303","Betaine aldehyde",5.56629,0.208710293140694,0.495094763052741,0.825077431241529
"304","N,N-dimethylhistidine",5.53018,0.260230320653904,0.888152003809665,0.417187444235977
"305","alpha-D-Glucose 1-phosphate",5.51506,0.179985571925258,0.397325419703826,0.68306424833533
"306","Glycocholic acid",5.47308,0.0914771897975407,0.792547055030462,0.607999099177076
"307","L-Arginine",5.43908,0.619541940946381,0.898700694384132,0.174474468908804
"308","3-Methoxytyramine",5.34231,0.834924258151879,1.32030344643802,0.130275207965073
"309","Dihydroxyfumarate",5.32571,0.422879152951764,0.237720624074203,0.479938507087632
"310","Cortisone",5.3232,0.468530449715855,0.206865518051077,0.586032734229383
"311","His-Val",5.2632,0.368641986436318,0.0808092595156916,0.695034549533945
"312","Leu-Trp",5.23823,0.76581381882231,1.07205892063709,0.252954452996049
"313","1-Methylhistidine",5.23779,0.329941726315954,1.00502301398885,0.412681146869836
"314","Melatonin",5.23171,0.632118767338623,0.520452698571376,0.558830870488463
"315","6-Propyl-2-thiouracil",5.2283,0.722386688010802,1.12991087644376,0.124655977279876
"316","1-Palmitoylglycerol",5.18062,0.424340997879836,0.437242559059638,0.290754032493654
"317","Exemestane",5.1681,0.528147312564817,0.427146903298138,0.474310640292731
"318","beta-Octylglucoside",5.12276,0.0981128839414195,1.34610439646096,1.12855500972445
"319","7,8-Dihydrobiopterin",5.08158,0.325676927210189,0.365125667476043,0.194771785622865
"320","Lys-Asp",5.06283,0.154270229163263,0.581951910129173,0.817321242857623
"321","Acetylcysteine",5.05849,0.234729563195046,0.0183803868940441,0.410790724797199
"322","Dapsone",4.97903,1.2394056498016,0.186090035622026,2.25455212102476
"323","Glutaraldehyde",4.96841,0.591288531301455,0.8554519671442,0.168692885694462
"324","3,4-Dihydroxyphenylacetic acid",4.94625,0.655744146569197,0.518771549747761,0.600014542220068
"325","Agmatine",4.93301,0.323852384552437,0.0237768534780404,0.565241282278068
"326","1-Aminocyclohexanecarboxylic acid",4.91388,0.302968309510955,0.244815628033901,0.272291215677302
"327","Monomethyl glutaric acid",4.87668,0.432451028671484,0.312219830956975,0.424416463043194
"328","Baclofen",4.87529,0.503944811749608,0.531327363671219,0.333713882015256
"329","1H-Indole-3-propanoic acid",4.85086,0.388765071775451,0.642760323702773,0.0337780467051616
"330","Hypoxanthine",4.84358,0.300676623367792,0.519695663583401,0.00444169002513104
"331","Arg-Thr",4.83776,0.449611621958124,0.18920233565253,0.934753862308838
"332","Famciclovir",4.746,0.465934168810832,0.0408721334944048,0.741114364158968
"333","Ile-Trp",4.56258,0.662016232705898,0.356779864908011,0.766105894888273
"334","Glycerophosphocholine",4.53286,0.314704599598881,0.441219339948421,0.103309836873509
"335","Allantoate/Allantoic acid",4.52709,0.445059760779343,0.615665025606467,0.154087227121332
"336","N,N'-Diacetylchitobiose",4.51348,0.399759644800034,0.120867375995884,0.553449646761301
"337","Deoxyuridine monophosphate dUMP",4.45087,0.371714009569994,0.0607537337601857,0.680917200014868
"338","D-Arabinono-1,4-lactone",4.44736,0.0179478092439042,0.803657311559052,0.741820830124017
"339","6-Hydroxymelatonin",4.40926,0.147961881923785,0.782968515979973,0.504195839041956
"340","D-Mannose",4.40192,0.985767967075619,0.144323840870571,1.51239740840573
"341","2'-O-methylinosine",4.3747,0.0918418924783018,0.641194376032226,0.462020075020341
"342","gamma-L-Glutamyl-L-valine",4.34731,0.333718928135676,0.318890752599488,0.252647729348705
"343","2-Hydroxyadenine",4.3104,0.600948828612085,0.829891190330111,0.20942255146275
"344","N1-Acetylspermidine",4.30998,0.445921238213605,0.442252518179491,0.322085858969084
"345","Demethylcitalopram",4.25446,0.452284346063231,0.362210769803886,0.409620019507545
"346","Apigenin 7-glucoside",4.24116,0.746434225187366,0.544888918458434,0.726822242672946
"347","Molsidomine",4.22744,0.592629062267019,0.24310486094346,1.22605802010408
"348","His-Gln",4.16578,0.959428374550497,1.12832675891382,0.523187019014101
"349","N1-Acetylspermine",4.11337,0.336392291625268,0.0665879910573371,0.627362148335532
"350","Formononetin",4.09389,0.186798218985708,0.207035839594641,0.511708879284324
"351","Myristic acid",4.08352,0.576508536121218,0.599887128674807,0.389398409767267
"352","Alpha-N-Phenylacetyl-L-glutamine",4.0766,0.082393211241802,0.60031578571281,0.438582957561975
"353","2-Ethyl-2-Hydroxybutyric acid",4.07366,0.483277440176516,0.463737647533033,0.364016331371983
"354","Ketorolac",4.02479,0.389192545999798,0.261067272196578,0.401094929227955
"355","DL-2-Aminoadipic acid",3.98932,0.434706125696647,0.355334333291755,0.386783658061343
"356","2'-O-methylcytidine",3.96836,0.290930666906842,0.000297246774865277,0.487551078808594
"357","Arg-Met",3.85423,0.297732761405837,0.205108486519064,0.695656588417745
"358","Diosmin",3.84111,0.418482322683962,0.364709617360469,0.350606615846923
"359","D-Pipecolinic acid",3.83568,0.146217107317989,0.375486828560714,0.605531999560594
"360","Adenine",3.82503,0.202688489175329,0.317216885768596,0.644147210808792
"361","Lys-Phe",3.81133,0.355884256017391,0.172368117554559,0.761605874296686
"362","L-Histidine",3.79251,0.146992367391509,0.741150001478593,0.465654619178749
"363","Acetylcarnitine",3.7786,0.0430290830781856,0.560207977428199,0.465990068519954
"364","2-Phenylacetamide",3.75763,0.105790720916258,0.464497546986458,0.268947617552125
"365","N-omega-Hydroxyarginine",3.70677,0.17702244000012,0.359516127159141,0.0488146256804913
"366","5-Hydroxyindoleacetate",3.68958,0.345518913394228,0.360171572384128,0.2327623709908
"367","D-Aspartic acid",3.6363,0.285607577550061,0.458828346100149,0.0376639068174501
"368","3,4-Methylenedioxyamphetamine",3.60658,0.0632758524693544,0.689282656065329,0.556050814026911
"369","Arg-Cys",3.5928,0.701942208107016,0.596140539261354,0.603079598958517
"370","Desipramine",3.59199,0.83508005890826,0.506463587667724,0.912196821344939
"371","cis-9-Palmitoleic acid",3.55786,0.262594613191463,0.038579271280348,0.402753061985363
"372","Deoxyguanosine",3.5315,0.0331319474763761,0.608007376051934,0.528475710975068
"373","Acetyl-DL-Leucine",3.5174,0.416346574227216,0.0141970010249777,0.683682919432081
"374","Indole-3-carboxylic acid",3.50663,0.324932892092865,0.497796168537085,0.0661009215975291
"375","Corticosterone",3.49519,0.251122155614011,0.0701882981732083,0.488005307348206
"376","Ala-Gly",3.48757,0.283775483519895,0.243054663553587,0.24183742349966
"377","Indole",3.48246,0.15828260909398,0.528353159200633,0.242362278510332
"378","3,3-Dimethylglutaric acid",3.48023,0.199834657830393,0.275300376578698,0.599108335419187
"379","Metaproterenol",3.38991,0.317553376957996,0.00962669948446979,0.541100724072046
"380","cis-Aconitate",3.37896,0.372199686984087,0.322089263834401,0.314025233360478
"381","Arg-His",3.31553,0.342872301443428,0.104770824922296,0.473631904025854
"382","2-Thiocytidine",3.30733,0.291363122506771,0.0201811690704822,0.507373090575846
"383","Guanidoacetic acid",3.27923,0.0296691273849915,0.510019413545429,0.539544645188759
"384","Carbimazole",3.25962,0.256635100695599,0.512448962769807,0.0623611417542409
"385","Ala-Val",3.25138,0.240990026656234,0.0488157267129971,0.450507997683248
"386","Duloxetine",3.2498,0.266627861103004,0.782606692790764,0.30510046120059
"387","Ala-Phe",3.22882,0.571064185747095,1.02224654841113,0.0253794159489385
"388","Benzylbutylphthalate",3.2062,0.0387714073427242,0.451650686192783,0.498728779258144
"389","His-Pro",3.17154,0.15691606520548,0.459306385519367,0.703956498080932
"390","His-Met",3.16115,0.251647378336282,0.574481175572804,0.13029429680229
"391","N4-Acetylcytidine",3.14644,0.398515387265596,0.356018403636087,0.325512533068855
"392","Dehydroabietic acid",3.13982,0.318457949585529,0.283423355627857,0.805586498310135
"393","4-Guanidinobutyric acid",3.11913,0.339516348116049,0.0581901627911616,0.624528699645518
"394","3'-O-methylguanosine",3.0752,0.291246708505082,0.0590981917012539,0.544556359888562
"395","Fluoxetine",3.06397,0.294179599377157,0.420881594718018,0.0884671067894896
"396","6-Methylmercaptopurine",3.03684,0.464106536113815,0.884292348569268,0.0720180694554393
"397","Lavandulol",3.03365,0.351452656432921,0.242413696967331,0.355802242558045
"398","Ibuprofen",3.02081,0.276998032928298,0.243877399727504,0.229695996818144
"399","His-Cys",3.01714,0.359854723494073,0.880511753231445,0.242993235213298
"400","Ala-Ala",3.01434,0.287861414550221,0.196610265402026,0.670961349133262
"401","Ketoprofen",2.97752,0.502031973412114,0.64172237039269,0.224480168855166
"402","L-Palmitoylcarnitine",2.97451,0.0640481627987557,0.4038593004951,0.28061957916512
"403","Creatine",2.95041,0.308457880954666,0.56328623958041,0.0243928678784942
"404","Ile-Pro",2.83328,0.300374090737338,0.39027515429839,0.128238221512292
"405","L-Glutamine",2.8092,0.145027874012517,0.665976221219795,0.396743440690455
"406","Imidazole",2.7982,0.00569140849801086,0.739635615606524,0.700858196777252
"407","D-Glucuronate",2.78195,0.254414757973458,0.444576242059569,0.000890848861579715
"408","Adenosine 3',5'-cyclic phosphate cAMP",2.78015,0.0511863821309556,0.433255682488699,0.50185434889467
"409","Ethyl glucuronide",2.7627,0.270326403925235,0.159624026402435,0.606069010123029
"410","2-Methylglutaric acid",2.74767,0.0107869590640731,0.678133002319697,0.669386208002805
"411","Biopterin",2.74727,0.247305431334094,0.0377693990116168,0.37792380691267
"412","Glu-Met",2.74286,0.343460500428659,0.266915171524201,0.83160660002323
"413",".beta.-Cyano-L-alanine",2.72579,0.516597958695319,0.398120163958385,0.482846214241325
"414",".alpha.-L-Glu-L-Asp",2.72406,0.376569565229713,0.225810480035233,0.413816054677806
"415","Hydrocortisone Cortisol",2.65607,0.271139596377722,0.122361507783614,0.571641826058991
"416","3-Ureidopropionate",2.6521,0.333558847564664,0.259069020561742,0.309836001866693
"417","L-Phenylalanine",2.62994,0.167177918782367,0.14022751647494,0.414681070097222
"418","Itaconic acid",2.60766,0.0859385763760379,0.518078814212545,0.641528333368764
"419","Creatinine",2.60221,0.0515829965522129,0.388193651686816,0.286450648363121
"420","Lycorine",2.58675,0.407234813221473,0.223940330783361,0.466971986619831
"421","Marmesin",2.56772,0.355096662833363,0.343608639168029,0.264711712055778
"422","L-Tetrahydropalmatine",2.56248,0.29941433695372,0.162679896201574,0.657722011373998
"423","5-Methyl-5,6-Dihydrouracil",2.5532,0.360531511721075,0.414696952961022,0.205536790078153
"424","beta-Hydroxyisovaleric acid",2.5355,0.307888764840345,0.269780250796912,0.256554723543475
"425","Decanoyl-L-carnitine",2.472,0.307994836311338,0.126553695183697,0.394295762039403
"426","Indole-3-pyruvic acid",2.41264,0.273254148909479,0.0866330892592071,0.374452426137697
"427","3-Aminobutanoic acid",2.39804,0.207256030325306,0.363828654710286,0.00231987017461852
"428","DL-Indole-3-lactic acid",2.26584,0.20091446358138,0.00732539813827444,0.343537588597486
"429","Eicosapentaenoic acid",2.244,0.46225317360675,0.624875893749196,0.174036964870103
"430","R--Citronellic acid",2.23652,0.398724752023613,0.203664916212648,0.472192625823392
"431","21-Hydroxypregnenolone",2.22705,0.118485225221418,0.377251004757942,0.560779643491985
"432","Methylnoradrenaline",2.21731,0.335295777364568,0.570390491078461,0.0137332661808237
"433","Cytidine",2.18729,0.168054145603257,0.296491275982878,0.00330233295469537
"434","Homoveratric acid",2.16586,0.0990102850748197,0.315509950330212,0.468862199908694
"435","Leu-Val",2.15525,0.255987342392941,0.145713980194787,0.288788258636431
"436","Cuminaldehyde",2.09643,0.242043489809355,0.0607032052439944,0.347083833032518
"437","S-Citramalic acid",2.06752,0.252905159637705,0.403676352858501,0.811293527033566
"438","Homovanillic acid",2.05686,0.244167360362538,0.654143336057392,0.219334536631081
"439","Guanidinosuccinic acid",2.01971,0.209401404360093,0.281268406208508,0.0805691324520544
"440","Lys-Asn",2.00751,0.581116049603787,0.959927375213748,0.0513110367064818
"441","Ethyl 3-hydroxybutyrate",2.00304,0.272624450417101,0.226836868111491,0.238737646595876
"442","Carbenicillin",1.9993,0.385815195261012,0.390125982300861,0.271482634214247
"443","3-methylcytidine",1.96649,0.202406402386591,0.0659189883483599,0.402313166639375
"444","4-Hexen-1-ol, E-",1.94558,0.367595569871753,0.00141167262363187,0.617023747300712
"445","1-Indanone",1.94321,0.538055758321711,0.310974666876732,0.60248460468775
"446","Mepivacaine",1.92692,0.240946324932001,0.110577978877889,0.297343517581397
"447","Lys-Pro",1.92347,0.125013894478456,0.376716500579257,0.571200823314452
"448","Argininosuccinic acid",1.85606,0.204500658886226,0.155537385946269,0.491895625223213
"449","1S,9R-Hydrastine",1.8318,0.150617060021991,0.432372046985346,0.163014909096914
"450",".gamma.-L-Glu-.epsilon.-L-Lys",1.79108,0.150296775854841,0.219731400834992,0.0406815079037731
"451","Methylergonovine",1.76343,0.158550861467681,0.0665377998905721,0.329456003776566
"452","Adenosine",1.7043,0.322807105684776,0.623563230443042,0.0582536927696862
"453","Ethionamide",1.68274,0.482375259185328,0.233913192832858,0.583242519356075
"454","3-Phenylpropanoic acid",1.6349,0.293701345205405,0.644572735601344,0.127180301837952
"455","Aminopterin",1.63455,0.113668255443618,0.467259620756867,0.258406780671568
"456","His-Arg",1.54959,0.220789800898563,0.602430373412886,0.208820236227314
"457","2-Isopropylmalic acid",1.54013,0.122688770634145,0.226235762517252,0.0118049731203979
"458","Metyrapone",1.52264,0.197793357923701,0.450523121599127,0.101435010560173
"459",".beta.-Homoproline",1.51218,0.409071825315639,0.125789298606665,0.805950045418358
"460","IS",1.50834,0.144739968987359,0.0515258090484165,0.291906396072398
"461","3-Methoxy-4-Hydroxyphenylglycol Sulfate",1.49983,0.331084446494271,0.47911450399711,0.0943468524814528
"462","4-Isopropylbenzoic acid",1.49544,0.348514264883947,0.0733047142371473,0.513303295628085
"463","gamma-L-Glutamyl-L-glutamic acid",1.4932,0.245365154453138,0.290710212086747,0.131734586178908
"464","3,4-Dihydroxymandelic acid",1.4836,0.400283611879092,0.176160896894331,0.501219995899534
"465","alpha-N-Acetyl-L-glutamine",1.48103,0.181150415179461,0.548155506817452,0.223081469127057
"466","1-Methylnicotinamide",1.4697,0.0533235797334414,0.369240229088803,0.265331425292803
"467","6-Hydroxynicotinic acid",1.4573,0.042615521821473,0.312058818788272,0.228345369136635
"468","3-Aminobenzoic acid",1.43578,0.134082550208428,0.191389671784937,0.0407461906054036
"469","2'-Deoxyadenosine 5'-monophosphate dAMP",1.41521,0.264584218080116,0.20417953739106,0.247032914545582
"470","-alpha-Pinene",1.40217,0.172995264288192,0.181923722731805,0.115010863510985
"471","Matrine",1.38873,0.118851819683639,0.0941292723797455,0.289466521843516
"472","Dimethylallyl pyrophosphate",1.37236,0.0113974350898455,0.260827151975135,0.269603067230149
"473","2-Oxoadipic acid",1.36926,0.271351415074446,0.0812203976482746,0.376464304082344
"474","3-Hydroxybenzoate",1.33103,0.155401366808038,0.166914573663695,0.420588949788198
"475","3-Methylhistamine",1.30188,0.354402628044448,0.449534068977446,0.161812163575583
"476","Diaminopimelic acid",1.30083,0.366565738907212,0.374506583136546,0.254244467453794
"477","Ethyl hydrogen malonate",1.25801,0.166484180809464,0.271023895937747,0.539143859173417
"478","1-Naphthol",1.25291,0.0810772721597719,0.144191248734873,0.274282302722938
"479","5-Methylcytosine",1.23794,0.0703632468554874,0.155795937709369,0.267483744405792
"480","Ile-Asn",1.22947,0.264574619480813,0.628205277975091,0.160242945081097
"481","D-Xylose",1.19098,0.153469213011097,0.390501764388328,0.118023243499277
"482","DL-a-Hydroxybutyric acid",1.18611,0.378560311600951,0.775247697344382,0.110562237743609
"483","3-Hydroxyisovaleric acid",1.17354,0.42900425803553,0.738971184307884,0.00876600943457441
"484","L-Tyrosine",1.15695,0.309871475174233,0.0542334714997645,0.466899538499019
"485","Ile-Glu",1.1273,0.111047815089083,0.242964248957922,0.0473688847266336
"486","Enalaprilat",1.10681,0.195304109509811,0.0216642448579945,0.347912969600023
"487","Ala-Pro",1.08857,0.215956099849479,0.0206866341207302,0.381563024955023
"488","Matairesinol",1.04586,0.198766768760794,0.013463467798511,0.345835889970783
"489","Chloroquine",1.02392,0.129268764629684,0.405291349107739,0.172760199482483
"490","Acetohydroxamic acid",1.01218,0.286362549873326,0.201557568249671,0.286026676933961
"491","Altretamine",0.92688,0.170805695824933,0.228684669697946,0.0664316406835258
"492","8-Hydroxy-2'-deoxyguanosine",0.92594,0.216900120750971,0.475007481698767,0.0929502750386737
"493","Arg-Arg",0.92529,0.163681047557971,0.0760815427458625,0.201068121500104
"494","3-Aminosalicylic acid",0.84381,0.0651338611009493,0.506529778481811,0.377412088303794
"495","5'-Deoxyadenosine",0.78417,0.212071805897826,0.0052095977325112,0.360192335333194
"496","Arg-Phe",0.78288,0.0466851297178185,0.328755060341214,0.237565454321072
"497","Kynuramine",0.77424,0.00596039546334508,0.295613822401192,0.293908041894452
"498","all cis-6,9,12-Linolenic acid",0.74795,0.110112410364583,0.0371385461623123,0.220091995729285
"499","N6-Methyl-L-lysine",0.72852,0.0985793234433414,0.0974720770715388,0.25872373694789
"500","2-Methylbutyroylcarnitine",0.69897,0.140478937543337,0.0627464317741743,0.175015880347707
"501","3-Methylphenylacetic acid",0.69791,0.0355802675629955,0.588615178165369,0.624933017488515
"502","Ile-His",0.69189,0.181639734091598,0.196470287152396,0.115517670419172
"503","12-oxo-ETE",0.6688,0.0911950557529339,0.174329269946456,0.0146981478332786
"504","L-2-Aminobutyric acid",0.66477,0.132929705492037,0.388191609876586,0.150205051805517
"505","Lys-Ser",0.63252,0.0291012122382921,0.268405933531987,0.209052974863397
"506","L-Pyroglutamic acid",0.6005,0.115358713920645,0.26800901474991,0.0642032674877769
"507","1-Stearoyl-rac-glycerol",0.48641,0.100243967992846,0.246391480358018,0.0687554401557052
"508","Levulinic acid",0.48349,0.0326505070628493,0.271964514252306,0.206526308674285
"509","DL-Arginine",0.46297,0.129865752899859,0.0159490976643188,0.232824287026668
"510","DL-3-Phenyllactic acid",0.46158,0.155335685368495,0.101244499981071,0.357405460988911
"511","4,6-Diamino-5-formamidopyrimidine",0.45906,0.110753026869297,0.233116301574249,0.0384040511164295
"512","Harmine",0.45861,0.106460722672275,0.0445664603537104,0.135501567580545
"513","4',5-Dihydroxy-7-methoxyflavanone",0.45469,0.00160067768268896,0.251489252070267,0.244226276245772
"514","L-Proline",0.45457,0.0124568319913001,0.223803833536435,0.235817981206782
"515","Bisdemethoxycurcumin",0.44908,0.14561472232536,0.233189506031596,0.0199137924225849
"516","5-Methylcytidine",0.44497,0.0833608422045408,0.177890347833825,0.0312395630673651
"517","2-Ethoxyethanol",0.44382,0.108235044244038,0.0688860917743112,0.115115257870774
"518","Arg-Tyr",0.44156,0.110247338314601,0.126241812053091,0.305898107058423
"519","Lys-Lys",0.43806,0.0611888142242556,0.115041842746284,0.212975254605658
"520","4-Hydroxybutanoic acid lactone",0.4286,0.0841288024911483,0.148571640475712,0.00179389674366516
"521","Cytosine",0.39278,0.0644892052905165,0.0271955874034063,0.134130099966428
"522","1,2,3-Benzenetriol",0.3925,0.0461604765588213,0.227002650810205,0.29533890794217
"523","Arg-Val",0.38099,0.0527361035273167,0.158368237075483,0.240431492504866
"524","5d-Aminolevulinic Acid",0.37714,0.0705363935091233,0.304842962355874,0.174651521043345
"525","Muramic acid",0.37513,0.173686922413851,0.0418518855994588,0.250702691470043
"526","D-Galactarate",0.35949,0.0262765708837178,0.265554625265203,0.211045261232458
"527","Indoleacetic acid",0.34004,3.14361593786494e-05,0.396438377752024,0.380815874445175
"528","EDTA",0.23887,0.0680552286797826,0.284697517002427,0.159458207585407
"529","R-3-Hydroxybutyric acid",0.16363,0.076155773848575,0.0263614220224608,0.102230498784471
"530","5alpha-Tetrahydrocorticosterone",0.1381,0.00864047031645637,0.157910452088733,0.137195178151919
"531","Acetylglycine",0.11335,0.0133987918668325,0.135182070735155,0.152277961256989
"532","4-Hydroxybenzaldehyde",0.09865,0.0904883519804652,0.0216517984711303,0.172350214977804
"533","3,3-Dimethylacrylic acid",0.09179,0.00782423697435274,0.0731688915561379,0.0571713642225222
"534","Ala-Gln",0.07074,0.0827976531220795,0.0659476045112051,0.0753337116953639
"535","L-Asparagine",0.06515,0.0142328680667721,0.072921029887735,0.0461997993281473
"536","Epinephrine",0.05795,0.0933237359911914,0.0194978321895038,0.17503026281467
"537","N6,N6,N6-Trimethyl-L-lysine",0.02691,0.0307807455860086,0.0621932196438869,0.00818093317211634
"538","Hydroxyproline",0.02492,0.0302171677659446,0.032313713848693,0.019573229410674
"539","Met-Lys",0.01311,0.0107943884235665,0.0248251451281736,0.00576456537334274
