"","giniImportance"
"X15",0
"X60",0.0178154477101846
"X63",0.00333333333333333
"X89",0
"X96",0.00373333333333333
"X105",0
"X123",0
"X140",0
"X152",0
"X164",0.0309833333333333
"X185",0
"X188",0
"X201",0.0140649350649351
"X222",0.00712280701754386
"X224",0.0142105263157895
"X232",0
"X233",0
"X298",0.136901604623301
"X299",0.0669840120560931
"X330",0.0162664165103189
"X347",0.0108235294117647
"X349",0.109819503862151
"X360",0.00375
"X373",0
"X376",0
"X385",0
"X418",0.00375
"X421",0.150929568264553
"X432",0
"X434",0.109173423423423
"X436",0.00749803921568628
"X461",0
"X465",0.00376470588235294
"X484",0
"X511",0
"X512",0.0141434343434343
"X515",0.0713790849673202
"X516",0
"X524",0.0145395372489194
"X529",0
"X534",0
"X543",0.0877299430740038
"X549",0.00377777777777778
"X552",0
"X575",0.0202747252747253
"X578",0
"X599",0
"X628",0.241519545908382
"X638",0
"X647",0
"X662",0
"X663",0
"X673",0.00373333333333333
"X676",0
"X691",0
"X707",0
"X722",0
"X725",0
"X749",0.00466666666666666
"X750",0.0988973366921139
"X755",0
"X766",0
"X804",0.0102
"X813",0
"X814",0
"X815",0.00736204146730462
"X844",0.020739887563417
"X852",0.00375
"X859",0
"X864",0
"X867",0.0619520949003302
"X868",0
"X887",0
"X890",0.0157988721804511
"X893",0.0564271534038717
"X897",0
"X902",0
"X913",0.0291176470588235
"X933",0.0390488888888889
"X945",0.0689042380324989
"X950",0
"X968",0
"X969",0.03039650937298
"X989",0.192888335165765
"X999",0.01024
"X1000",0.0533390668902851
"X1012",0.0104166666666667
"X1029",0
"X1041",0.00377777777777778
"X1056",0
"X1058",0
"X1059",0.0792932297306029
"X1060",0
"X1063",0.0415151515151515
"X1073",0.358786220976452
"X1075",0
"X1077",0.242768304250279
"X1079",0.0259604594330401
"X1084",0.00757608695652174
"X1088",0.00474074074074074
"X1101",0.0106349206349206
"X1103",0.0112597402597403
"X1113",0
"X1117",0.0233333333333333
"X1146",0.0653796078431372
"X1148",0.0138756798756799
"X1151",0
"X1152",0
"X1190",0
"X1201",0
"X1210",0
"X1216",0.0237380116959064
"X1236",0.0175151515151515
"X1247",0
"X1256",0.00371428571428572
"X1267",0
"X1268",0
"X1278",0.0036
"X1279",0
"X1294",0.00444444444444445
"X1295",0.030622009569378
"X1299",0.00685714285714286
"X1300",0
"X1301",0
"X1302",0
"X1303",0
"X1311",0.00685714285714286
"X1314",0
"X1330",0
"X1332",0
"X1338",0
"X1339",0.196740225504847
"X1356",0.0228755760368664
"X1377",0.0495772043122824
"X1393",0
"X1415",0.0166537634408602
"X1424",0.0540710178142403
"X1429",0
"X1458",0.106251971557854
"X1465",0.232159389711298
"X1488",0.20579550746497
"X1489",0
"X1491",0.00644444444444444
"X1492",0.0170095238095238
"X1499",0.00727272727272727
"X1552",0.0054
"X1558",0
"X1564",0.00536842105263158
"X1583",0.0263960353372118
"X1584",0
"X1586",0
"X1591",0
"X1595",0
"X1596",0.19309279103742
"X1626",0.0731418098031001
"X1627",0.00371428571428572
"X1639",0
"X1648",0
"X1657",0.0179644444444444
"X1659",0
"X1666",0.00705882352941176
"X1672",0
"X1678",0
"X1694",0.0135418546365915
"X1701",0.00376470588235294
"X1706",0
"X1711",0.00266666666666667
"X1715",0.00988235294117647
"X1724",0.0158571428571429
"X1737",0.0277633477633478
"X1743",0
"X1748",0
"X1749",0.0410057731315338
"X1752",0
"X1755",0
"X1758",0
"X1759",0
"X1760",0.166659334245326
"X1761",0
"X1762",0.00905
"X1766",0
"X1776",0
"X1788",0
"X1791",0.0207384615384615
"X1797",0
"X1810",0
"X1820",0
"X1835",0.00376470588235294
"X1838",0
"X1862",0
"X1867",0
"X1868",0.00727272727272727
"X1876",0.0538608751642807
"X1885",0.428458411205961
"X1888",0
"X1889",0.0107142857142857
"X1892",0
"X1895",0.178036584034596
"X1900",0
"X1904",0
"X1909",0
"X1911",0.0100038461538462
"X1915",0
"X1921",0.00711111111111111
"X1929",0.0324006349206349
"X1933",0.180368464106914
"X1948",0
"X1949",0.0136935817805383
"X1951",0
"X1955",0.00693333333333333
"X1956",0.184734935335836
"X1959",0.00376470588235294
"X1960",0
"X1973",0.0219619047619048
"X1983",0.007
"X1987",0
"X1989",0.0263657142857143
"X1992",0
"X1993",0
"X2006",0.0266245344129555
"X2007",0
"X2024",0
"X2026",0.0211782531194296
"X2031",0.225897613780684
"X2032",0
"X2037",0
"X2042",0
"X2052",0
"X2054",0.0584434092477571
"X2060",0
"X2069",0.0487889366223328
"X2083",0.00952380952380952
"X2086",0
"X2126",0.391912440869798
"X2131",0
"X2148",0
"X2153",0.00375
"X2176",0.0275815390283475
"X2180",0.00363636363636364
"X2196",0
"X2200",0
"X2205",0
"X2209",0.0108333333333333
"X2212",0
"X2222",0.248818184339105
"X2226",0.00514285714285714
"X2232",0.0120248447204969
"X2238",0
"X2252",0.40010372728507
"X2253",0
"X2258",0.0132173913043478
"X2259",0.002
"X2280",0.0812113516113516
"X2289",0.269803477638095
"X2291",0.0207861448493027
"X2298",0
"X2299",0.00377777777777778
"X2309",0
"X2312",0
"X2313",0
"X2316",0
"X2317",0.0116744827586207
"X2318",0.205442876545417
"X2322",0.00377777777777778
"X2339",0.0700044257703081
"X2370",0.0632661616161616
"X2378",0.00947368421052631
"X2379",0
"X2392",0
"X2393",0.00369230769230769
"X2395",0.0298874458874459
"X2399",0
"X2418",0.31021499484049
"X2419",0
"X2453",0.429553675860675
"X2460",0
"X2462",0.00755
"X2467",0
"X2469",0
"X2471",0.0927448320742438
"X2472",0
"X2487",0
"X2497",0.126306776426719
"X2502",0.00927272727272727
"X2504",0.0764551549211674
"X2511",0
"X2515",0.01
"X2534",0
"X2540",0
"X2548",0
"X2555",0
"X2558",0
"X2562",0.0159420289855072
"X2584",0
"X2586",0.0598582784365393
"X2587",0.00571428571428571
"X2589",0
"X2607",0
"X2612",0
"X2616",0.0885428698752228
"X2621",0.0329411764705882
"X2625",0.0260445128603023
"X2656",0.00711111111111111
"X2661",0.316173171718681
"X2675",0.0378048756472286
"X2696",0.13839159979327
"X2699",0
"X2700",0.00735064935064935
"X2701",0
"X2705",0.0145833333333333
"X2716",0.0201666666666667
"X2717",0.00631313131313131
"X2740",0.0201025641025641
"X2746",0
"X2747",0.00566666666666667
"X2754",0
"X2767",0.099467383805181
"X2768",0.0130333333333333
"X2774",0
"X2775",0
"X2804",0
"X2810",0
"X2829",0.00382608695652174
"X2833",0.0105
"X2836",0.00378947368421053
"X2864",0
"X2872",0.255170900481165
"X2876",0.0142733137829912
"X2878",0
"X2880",0
"X2881",0
"X2890",0.0311858999617514
"X2906",0.0032
"X2923",0
"X2931",0.0397290795226279
"X2940",0.209049393850563
"X2949",0.27656926516061
"X2950",0.0754650178253119
"X2962",0.0200243469636659
"X2979",0
"X2980",0.00355555555555556
"X2981",0.0348707729468599
"X2986",0.0036
"X3005",0
"X3035",0.0177456140350877
"X3064",0.00371428571428572
"X3066",0.00380952380952381
"X3068",0.159630033897236
"X3069",0.0346078431372549
"X3079",0
"X3080",0.189652673270065
"X3106",0.0142282461371645
"X3114",0
"X3117",0.00363636363636364
"X3133",0
"X3151",0.143567087729774
"X3158",0
"X3159",0
"X3185",0.235214893619051
"X3186",0.0258277777777778
"X3191",0
"X3212",0
"X3238",0.246280856240863
"X3245",0.00363636363636364
"X3246",0.0249753694581281
"X3267",0.00378947368421053
"X3269",0.162026122565769
"X3284",0.103064326712316
"X3295",0.304684306363008
"X3301",0
"X3305",0.0716806022408964
"X3319",0.0660009231007697
"X3320",0.0697430014228418
"X3330",0.0108034188034188
"X3339",0.329106266066787
"X3350",0
"X3361",0.002
"X3391",0
"X3408",0
"X3410",0.139300420220592
"X3417",0
"X3419",0.0150178571428571
"X3430",0.503972279953515
"X3446",0.0032
"X3454",0
"X3475",0
"X3481",0
"X3486",0.01
"X3490",0.0338840294840295
"X3500",0.0537587951122478
"X3502",0.0325148667122351
"X3512",0
"X3515",0
"X3517",0.0210273114119923
"X3523",0
"X3525",0
"X3527",0.00266666666666667
"X3528",0
"X3529",0
"X3532",0
"X3541",0
"X3548",0
"X3584",0
"X3586",0
"X3595",0.347934088690363
"X3596",0.0558181818181818
"X3599",0.00366666666666667
"X3619",0.00376470588235294
"X3625",0
"X3632",0.214473743124574
"X3647",0.47855714542738
"X3649",0
"X3667",0.00723809523809524
"X3673",0.205048209144686
"X3678",0.0318713553113553
"X3679",0.412274048746157
"X3680",0.00333333333333333
"X3693",0.00525
"X3712",0
"X3715",0.204563422190561
"X3720",0.00352666666666666
"X3746",0
"X3765",0
"X3775",0.16042916610323
"X3799",0.003
"X3803",0.304963132063838
"X3813",0
"X3815",0.0103712121212121
"X3830",0
"X3831",0.00382608695652174
"X3846",0
"X3860",0.00376470588235294
"X3874",0
"X3878",0
"X3887",0
"X3892",0
"X3897",0.00700952380952381
"X3900",0.548027734824817
"X3907",0
"X3917",0
"X3921",0.0149441930618401
"X3924",0.00266666666666667
"X3928",0
"X3929",0
"X3947",0
"X3948",0
"X4003",0
"X4005",0
"X4015",0
"X4036",0.00342857142857143
"X4041",0
"X4051",0
"X4075",0
"X4077",0.0147368421052632
"X4080",0
"X4086",0
"X4099",0.00376470588235294
"X4103",0.0973892957769618
"X4104",0
"X4116",0.0101538461538462
"X4118",0
"X4119",0
"X4120",0
"X4128",0.00377777777777778
"X4143",0.00371428571428572
"X4146",0.00376470588235294
"X4156",0.00373333333333333
"X4166",0.0197968253968254
"X4178",0.2231504208852
"X4206",0
"X4211",0
"X4218",0.466785207364125
"X4219",0.0096
"X4224",0.00375
"X4227",0
"X4249",0
"X4252",0.141316666798298
"X4258",0
"X4259",0
"X4267",0
"X4270",0
"X4274",0.00656363636363637
"X4286",0
"X4298",0.298100357248945
"X4301",0.0483582467430022
"X4322",0.271106117107448
"X4324",0.423601016013336
"X4334",0
"X4342",0
"X4365",0.0145413744740533
"X4366",0.0110035087719298
"X4373",0.0104347826086956
"X4395",0.232343654576732
"X4406",0
"X4415",0.0283812442396313
"X4434",0
"X4448",0
"X4490",0.0858424178261746
"X4502",0
"X4504",0.310933179121005
"X4508",0
"X4510",0
"X4519",0
"X4526",0.00975
"X4533",0
"X4534",0.007
"X4546",0
"X4558",0
"X4565",0.00715789473684211
"X4566",0.0156218487394958
"X4568",0
"X4573",0
"X4587",0
"X4590",0.0951672853996323
"X4608",0.0115238095238095
"X4619",0.00822222222222222
"X4628",0
"X4632",0.0275809523809524
"X4649",0
"X4654",0.0038
"X4659",0
"X4667",0.0237714285714286
"X4683",0
"X4709",0.159833813509455
"X4711",0.00369230769230769
"X4717",0
"X4727",0.0159012727898177
"X4728",0
"X4732",0.0237571428571429
"X4750",0.0228166666666667
"X4753",0
"X4757",0.0128
"X4758",0.288210291270094
"X4763",0.014329575596817
"X4764",0
"X4771",0.00384615384615385
"X4775",0
"X4782",0.261933350621082
"X4791",0.168642544135342
"X4793",0
"X4797",0.0130909090909091
"X4800",0
"X4809",0
"X4822",0
"X4847",0.00610476190476191
"X4865",0
"X4871",0.0105090909090909
"X4873",0
"X4879",0.00375
"X4880",0.366675176115147
"X4883",0
"X4885",0.00693333333333333
"X4886",0
"X4887",0.0283243535095198
"X4891",0.268088623171728
"X4901",0
"X4912",0.00723809523809524
"X4917",0.604450966270403
"X4924",0.005
"X4945",0
"X4950",0
"X4963",0.00705882352941176
"X4968",0
"X4987",0.00377777777777778
"X4988",0.00571428571428571
"X5008",0
"X5010",0.0230984466513878
"X5011",0.0379378567378567
"X5020",0.218349367332681
"X5027",0.0323244444444444
"X5032",0.00755
"X5037",0
"X5042",0.0375784337366487
"X5051",0.0231185185185185
"X5069",0
"X5071",0.00729824561403509
"X5084",0.0835627723050943
"X5101",0.0116666666666667
"X5111",0.00371428571428572
"X5121",0.393150720856642
"X5136",0.196268255694197
"X5137",0
"X5143",0
"X5144",0.0096
"X5145",0
"X5146",0
"X5168",0
"X5175",0.10007760269138
"X5194",0
"X5203",0
"X5209",0
"X5212",0.0420706311232627
"X5213",0.365549265160973
"X5225",0
"X5226",0.0113881422924901
"X5238",0
"X5240",0
"X5245",0.357551518885044
"X5250",0
"X5251",0.00533333333333333
"X5254",0.01055
"X5255",0
"X5258",0.007
"X5259",0.0038
"X5265",0
"X5276",0
"X5277",0
"X5281",0.00376470588235294
"X5285",0.157228480480766
"X5292",0.0174047619047619
"X5296",0
"X5300",0.00382608695652174
"X5301",0
"X5309",0.0106410912190963
"X5325",0.0035
"X5346",0.248479068533179
"X5348",0.220458642331734
"X5351",0
"X5352",0.0361111111111111
"X5361",0.00384
"X5386",0.288305913232647
"X5389",0.00373333333333333
"X5423",0
"X5432",0
"X5449",0
"X5453",0
"X5455",0.00371428571428572
"X5458",0
"X5464",0.0287214137214137
"X5517",0.25548932825141
"X5526",0.0152004357298475
"X5539",0.0204615384615385
"X5544",0
"X5548",0
"X5558",0.007
"X5560",0
"X5576",0
"X5585",0.0159688109161793
"X5586",0.00266666666666667
"X5592",0.0151111111111111
"X5605",0.00378947368421053
"X5606",0.0208850793650794
"X5620",0.00888157894736842
"X5646",0.00733333333333334
"X5648",0.0311826725905673
"X5649",0
"X5659",0.00375
"X5661",0.183495376677431
"X5664",0
"X5675",0.0155844155844156
"X5677",0.0171797235023041
"X5684",0.00369230769230769
"X5685",0
"X5690",0
"X5701",0.45490175731128
"X5702",0
"X5705",0
"X5707",0.00366666666666667
"X5712",0
"X5737",0.203798164664679
"X5742",0
"X5743",0
"X5744",0
"X5745",0
"X5763",0.181050920246054
"X5766",0.293364053029247
"X5768",0.10385431372549
"X5774",0
"X5784",0.0902505098759743
"X5791",0.0246153846153846
"X5793",0.0280350877192982
"X5817",0
"X5822",0
"X5837",0
"X5853",0.638922563515944
"X5868",0
"X5878",0
"X5883",0.0146492753623188
"X5884",0.146010454577172
"X5885",0.00376470588235294
"X5894",0.0272706063294883
"X5918",0.0259094098883573
"X5919",0.0108
"X5925",0
"X5930",0
"X5933",0.0197988721804511
"X5938",0.0291799373040752
"X5948",0
"X5962",0
"X5971",0
"X5981",0.0766857142857143
"X5984",0
"X5986",0
"X5987",0
"X5999",0
"X6008",0.0196147152194211
"X6019",0
"X6029",0
"X6032",0
"X6033",0
"X6044",0
"X6049",0
"X6055",0.0298233766233766
"X6073",0
"X6080",0
"X6085",0
"X6086",0
"X6100",0.00738461538461539
"X6101",0
"X6109",0
"X6124",0.0640892832657539
"X6140",0
"X6147",0.00266666666666667
"X6164",0
"X6178",0.0190949197860963
"X6186",0
"X6206",0.00378947368421053
"X6220",0
"X6229",0
"X6242",0.00711111111111111
"X6245",0
"X6259",0
"X6280",0
"X6298",0.0214074960127592
"X6304",0
"X6305",0
"X6313",0.0169195177582274
"X6316",0
"X6322",0.00933333333333333
"X6337",0
"X6340",0
"X6343",0.0933291226167886
"X6374",0.00952380952380952
"X6378",0.00704761904761905
"X6387",0
"X6403",0
"X6415",0.00975238095238095
"X6432",0.291625031195077
"X6438",0
"X6441",0.314876284294374
"X6444",0
"X6450",0
"X6456",0
"X6469",0
"X6475",0
"X6488",0
"X6489",0
"X6494",0
"X6516",0.00377777777777778
"X6522",0.392381805812768
"X6530",0.00711111111111111
"X6531",0.0786581052839673
"X6539",0
"X6565",0.0497695932637005
"X6581",0
"X6583",0
"X6592",0
"X6594",0.0693367286308463
"X6600",0
"X6601",0
"X6607",0
"X6614",0
"X6623",0.00369230769230769
"X6624",0.00266666666666667
"X6643",0.0084
"X6648",0
"X6651",0.00266666666666667
"X6658",0
"X6668",0.00996720142602496
"X6679",0
"X6680",0.0345547511312217
"X6698",0.204167339657838
"X6712",0.00419047619047619
"X6716",0.0174545454545455
"X6726",0
"X6732",0.01024
"X6758",0
"X6767",0.0142060606060606
"X6794",0.00702051282051282
"X6809",0
"X6818",0.165924576925776
"X6834",0
"X6838",0.0768726890756303
"X6851",0.0516811186488564
"X6858",0
"X6863",0.0118313725490196
"X6868",0.513359852122135
"X6877",0.00381818181818182
"X6878",0
"X6890",0
"X6909",0
"X6911",0
"X6931",0.00571428571428572
"X6949",0
"X6955",0
"X6986",0
"X6995",0
"X7001",0.00384615384615385
"X7009",0.0177413793103448
"X7017",0
"X7020",0
"X7021",0
"X7056",0
"X7062",0
"X7063",0.0144778280542986
"X7064",0.508266107312623
"X7069",0.002
"X7081",0.0068
"X7091",0
"X7097",0
"X7112",0
"X7114",0.00378947368421053
"X7162",0.0195691821691822
"X7170",0.11928006040962
"X7171",0
"X7189",0
"X7190",0
"X7204",0.00705882352941176
"X7220",0
"X7247",0.0470857142857143
"X7251",0.0038
"X7315",0
"X7319",0
"X7326",0
"X7328",0
"X7342",0.0125185185185185
"X7352",0.003
"X7365",0
"X7373",0.003
"X7380",0.00693333333333333
"X7408",0
"X7409",0.127066009830584
"X7410",0
"X7413",0
"X7429",0
"X7458",0
"X7468",0.00380952380952381
"X7470",0
"X7475",0.017531746031746
"X7485",0.167934818296491
"X7499",0.00371428571428572
"X7500",0.0913789688933538
"X7503",0.00376470588235294
"X7505",0
"X7510",0
"X7518",0
"X7522",0.00377777777777778
"X7524",0
"X7541",0.00975
"X7551",0.01975
"X7571",0.00730434782608695
"X7576",0
"X7582",0.0372680272108844
"X7590",0
"X7591",0.00952380952380952
"X7592",0.0038
"X7595",0
"X7604",0
"X7608",0
"X7625",0
"X7626",0
"X7635",0.00378947368421053
"X7649",0
"X7653",0.00754248366013072
"X7654",0.00266666666666667
"X7663",0
"X7695",0
"X7718",0
"X7726",0.00369230769230769
"X7731",0
"X7733",0
"X7781",0.00378947368421053
"X7787",0
"X7814",0.00384615384615385
"X7824",0.0162810068649886
"X7834",0.00943589743589744
"X7836",0
"X7838",0
"X7843",0.0187777777777778
"X7846",0
"X7859",0
"X7870",0
"X7893",0
"X7895",0
"X7901",0
"X7935",0.0041025641025641
"X7945",0.0038
"X7950",0.00380952380952381
"X7959",0
"X7972",0.366145470847997
"X7980",0.239351903586884
"X7982",0.0133333333333333
"X8003",0
"X8027",0
"X8030",0
"X8034",0.153768271924154
"X8035",0
"X8036",0
"X8045",0.0127368421052632
"X8053",0.00333333333333333
"X8062",0
"X8071",0
"X8081",0
"X8089",0.00342857142857143
"X8094",0.00376470588235294
"X8138",0
"X8141",0
"X8156",0.150644574777206
"X8166",0
"X8191",0
"X8208",0.00682608695652174
"X8228",0.01
"X8252",0
"X8259",0
"X8280",0.111209762070836
"X8282",0.124258975901028
"X8283",0.194407483188419
"X8305",0.0202344086021505
"X8308",0
"X8309",0
"X8316",0
"X8334",0
"X8335",0.00381818181818182
"X8342",0
"X8347",0
"X8354",0.111562281280023
"X8359",0.0464849909138582
"X8361",0.00469333333333333
"X8368",0.00266666666666667
"X8381",0
"X8394",0
"X8395",0
"X8431",0
"X8432",0
"X8435",0.122729952995035
"X8436",0.0036600790513834
"X8439",0.00735897435897436
"X8440",0
"X8452",0
"X8465",0.5194113930814
"X8484",0
"X8485",0
"X8503",0
"X8507",0.0212377465402637
"X8537",0
"X8551",0
"X8586",0
"X8607",0.0182188905547226
"X8631",0
"X8648",0
"X8662",0
"X8692",0.0388846153846154
"X8700",0
"X8702",0
"X8704",0.186226647660081
"X8712",0
"X8721",0
"X8754",0.00685714285714286
"X8757",0.0032
"X8770",0
"X8782",0.00383333333333334
"X8796",0
"X8797",0.0110769230769231
"X8800",0
"X8812",0.233221389659245
"X8824",0.00552
"X8827",0
"X8828",0.00666666666666667
"X8834",0.0375340310122094
"X8845",0.0108809523809524
"X8850",0.00378947368421053
"X8866",0
"X8879",0
"X8883",0
"X8893",0
"X8896",0.007
"X8902",0
"X8918",0
"X8920",0.0140024242424242
"X8938",0
"X8942",0
"X8943",0.00369230769230769
"X8945",0
"X8963",0
"X8976",0
"X8978",0
"X8980",0.003
"X8984",0.0492185194320643
"X8991",0
"X8998",0
"X9037",0.0232350427350427
"X9038",0
"X9039",0
"X9049",0.0807416914240444
"X9061",0
"X9066",0
"X9067",0
"X9068",0
"X9070",0
"X9071",0.00460606060606061
"X9075",0
"X9113",0
"X9114",0.00457142857142857
"X9119",0
"X9125",0.00373333333333333
"X9133",0.01015
"X9146",0.00369230769230769
"X9147",0
"X9174",0
"X9179",0
"X9185",0.00377777777777778
"X9229",0
"X9231",0
"X9235",0
"X9247",0
"X9254",0
"X9279",0
"X9280",0
"X9282",0.0133928571428571
"X9286",0
"X9296",0.0602502129887437
"X9303",0.0171175950486295
"X9320",0.00622222222222222
"X9328",0.00378947368421053
"X9350",0.00377777777777778
"X9351",0.0178661654135338
"X9358",0
"X9359",0
"X9364",0.0178277056277056
"X9397",0
"X9409",0.01375
"X9432",0.0695370409982175
"X9438",0.00812698412698412
"X9440",0
"X9446",0
"X9449",0.00373333333333333
"X9450",0
"X9458",0
"X9481",0
"X9514",0.0303643724696356
"X9527",0
"X9528",0
"X9540",0.0138357487922705
"X9547",0
"X9561",0
"X9565",0
"X9573",0
"X9591",0.0048
"X9594",0
"X9596",0.0147368421052632
"X9602",0.14581254793086
"X9620",0
"X9622",0.0187277183600713
"X9624",0.00375
"X9639",0
"X9659",0
"X9666",0
"X9688",0
"X9696",0.17042918515592
"X9698",0.00375
"X9699",0
"X9707",0
"X9716",0
"X9720",0.00381818181818182
"X9722",0.0347535184114131
"X9733",0.0986334967320261
"X9741",0.0316078852593669
"X9780",0
"X9781",0.002
"X9791",0.00373333333333333
"X9800",0
"X9809",0.150394949291425
"X9810",0.0766994670688788
"X9828",0
"X9892",0.00355555555555556
"X9901",0
"X9906",0.0309866712866713
"X9907",0.00675
"X9914",0
"X9929",0.0415431588019823
"X9935",0
"X9937",0.004
"X9969",0
"X9979",0.0130202429149798
"X9982",0.00342857142857143
"X9988",0
"X9992",0
"X9994",0.0038
"X10001",0.0166190476190476
"X10017",0.0215785440613027
"X10043",0
"X10078",0.00363636363636364
"X10081",0
"X10088",0
"X10118",0.0233764172335601
"X10126",0
"X10127",0.00751048951048951
"X10150",0.0667557189542484
"X10162",0.0796212156178949
"X10186",0
"X10196",0.0130909090909091
"X10197",0
"X10218",0.00685714285714286
"X10219",0
"X10244",0.0182322322322322
"X10247",0
"X10248",0.00369230769230769
"X10250",0
"X10277",0
"X10291",0
"X10292",0.0115809523809524
"X10294",0.00410526315789474
"X10305",0.0145287694761379
"X10307",0.0066
"X10342",0.224804637343684
"X10346",0
"X10351",0.1151325289702
"X10353",0
"X10358",0.00266666666666667
"X10362",0.00369230769230769
"X10365",0
"X10376",0.00384
"X10403",0
"X10427",0
"X10440",0.0038
"X10455",0
"X10461",0
"X10466",0.0151855500821018
"X10484",0
"X10487",0.0279084992777967
"X10525",0.0038
"X10532",0.0227376788553259
"X10537",0
"X10577",0.0151298245614035
"X10588",0.00382608695652174
"X10629",0.100987019969278
"X10633",0.003
"X10661",0.211844106066543
"X10700",0.301968555826461
"X10727",0.00369230769230769
"X10731",0.00384615384615385
"X10733",0.00375
"X10760",0.00693333333333333
"X10793",0
"X10819",0
"X10826",0.0096
"X10855",0.0266666666666667
"X10877",0
"X10890",0
"X10903",0
"X10919",0.0219625668449198
"X10920",0
"X10953",0
"X10959",0
"X10965",0
"X10995",0.002
"X10996",0
"X10997",0
"X11004",0
"X11007",0
"X11021",0.00975
"X11052",0
"X11083",0
"X11096",0
"X11145",0.0435600621600622
"X11148",0
"X11161",0.0346522366522366
"X11166",0
"X11168",0.0035
"X11172",0
"X11179",0
"X11212",0
"X11233",0
"X11242",0
"X11243",0
"X11245",0
"X11261",0.0072
"X11301",0.00366666666666667
"X11303",0.164720291146762
"X11307",0
"X11342",0
"X11343",0.00380952380952381
"X11346",0.0182150537634409
"X11348",0.00710526315789474
"X11351",0.00373333333333333
"X11358",0.00377777777777778
"X11364",0.00705882352941176
"X11381",0.0123676470588235
"X11384",0.01635670995671
"X11409",0
"X11419",0
"X11434",0.00371428571428572
"X11440",0.0136473145780051
"X11451",0.0175686274509804
"X11455",0.150897702536094
"X11460",0
"X11476",0.197562327648556
"X11518",0
"X11519",0
"X11520",0
"X11541",0.201328018317985
"X11548",0.140562693558081
"X11605",0
"X11613",0
"X11707",0.0201023939940349
"X11710",0
"X11712",0
"X11743",0.0139930735930736
"X11744",0
"X11759",0.0109978947368421
"X11778",0
"X11782",0.00342857142857143
"X11803",0.00741666666666667
"X11843",0.0213022113022113
"X11847",0
"X11868",0
"X11887",0.00383333333333334
"X11895",0
"X11912",0.0135384615384615
"X11919",0.0036
"X11921",0.0199629186602871
"X11974",0
"X11982",0
"X12007",0.0236876048817696
"X12017",0
"X12027",0.00942857142857143
"X12046",0.01344
"X12047",0
"X12052",0
"X12081",0.0158333333333333
"X12092",0.0153650793650794
"X12093",0
"X12094",0.263642299274989
"X12098",0
"X12099",0.221222473604827
"X12104",0.00533333333333333
"X12106",0
"X12117",0
"X12180",0.0398612440191388
"X12238",0.0048
"X12244",0
"X12247",0.0626627450980392
"X12298",0
"X12355",0
"X12410",0.00333333333333333
"X12420",0
"X12447",0
"X12469",0
"X12474",0
"X12475",0.00376470588235294
"X12508",0
"X12513",0.00711111111111111
"X12523",0
"X12534",0
"X12536",0
"X12558",0.00266666666666667
"X12590",0.298488508883662
"X12595",0
"X12600",0
"X12606",0
"X12611",0
"X12622",0
"X12650",0.00321904761904762
"X12676",0.0517430257332135
"X12689",0
"X12700",0
"X12704",0
"X12705",0
"X12707",0.0186984126984127
"X12733",0.0109760765550239
"X12768",0.0235729252826027
"X12772",0
"X12780",0
"X12801",0.00705882352941176
"X12812",0.00706493506493507
"X12856",0
"X12918",0
"X12937",0.00375
"X12943",0.00943157894736842
"X12946",0
"X12997",0
"X13003",0
"X13025",0.071072385620915
"X13038",0.426047061582367
"X13067",0
"X13119",0.00917460317460317
"X13133",0
"X13137",0
"X13138",0.0032
"X13185",0.0654346096614383
"X13188",0.0237229562594268
"X13197",0.0198163129973475
"X13213",0
"X13229",0.0213848484848485
"X13266",0.139460351837312
"X13276",0.00375
"X13321",0
"X13327",0.0118974358974359
"X13386",0.00566666666666667
"X13397",0
"X13413",0
"X13419",0
"X13446",0.0233336032388664
"X13467",0.00466666666666667
"X13501",0
"X13551",0
"X13556",0
"X13576",0.00366666666666667
"X13616",0.0101052631578947
"X13669",0
"X13726",0.0233333333333333
"X13765",0
"X13786",0.00371428571428572
"X13804",0
"X13854",0
"X13883",0.0139377777777778
"X13892",0
"X13901",0.00738095238095238
"X13968",0.0283347462481384
"X13987",0.003
"X14025",0.139983168663346
"X14102",0.00433333333333333
"X14107",0
"X14126",0
"X14148",0
"X14162",0
"X14163",0
"X14209",0.00371428571428572
"X14240",0
"X14265",0
"X14267",0
"X14348",0.012765664160401
"X14397",0
"X14485",0.00727272727272727
"X14574",0
"X14757",0
"X14776",0.0561606050719923
"X14820",0
"X14870",0
"X14886",0
"X14887",0
"X14888",0.00685714285714286
"X14914",0
"X14941",0.00942857142857143
"X14942",0
"X14955",0.0164285714285714
"X14969",0
"X15143",0
"X15159",0.0352136752136752
"X15160",0.0032
"X15164",0
"X15324",0.00745185185185186
"X15351",0
"X15369",0
"X15373",0.00366666666666667
"X15408",0
"X15469",0
"X15515",0.00925287356321839
"X15530",0
"X15574",0
"X15630",0
"X15757",0
"X15924",0
"X15950",0
"X15972",0
"X16059",0
"X16074",0.0205905555555556
"X16191",0.0102
"X16234",0
"X16247",0.00266666666666667
"X16248",0.0126903119868637
"X16323",0.0616621848739496
"X16333",0
"X16342",0
"X16351",0
"X16363",0.0582172100469987
"X16367",0
"X16404",0
"X16426",0
"X16520",0.0175005347593583
"X16567",0.0168928571428571
"X16581",0.002
"X16626",0.0183643724696356
"X16717",0.25178944617256
"X16718",0.360858304089423
"X16760",0.00813333333333333
"X16783",0.161621264477958
"X16863",0
"X16878",0.0681244562197349
"X16889",0
"X16950",0.00375
"X16972",0.0706955128205128
"X16974",0.27000536663217
"X16989",0.0143888888888889
"X17001",0
"X17136",0
"X17162",0
"X17248",0
"X17302",0
"X17350",0.0102
"X17351",0.0475931034482759
"X17400",0.00760952380952381
"X17432",0
"X17503",0.0347254154447703
"X17554",0.021
"X17623",0
"X17648",0.00369230769230769
"X17677",0
"X17704",0.00375
"X17731",0.0182857142857143
"X17782",0
"X17838",0
"X17895",0
"X17938",0
"X17986",0
"X18016",0
"X18034",0.002
"X18078",0
"X18138",0
"X18164",0
"X18165",0.0137777777777778
"X18169",0
"X18174",0.0126315789473684
"X18196",0.0322904195804196
"X18229",0.01731
"X18252",0
"X18303",0
"X18308",0.00378947368421053
"X18309",0.00662525879917184
"X18333",0
"X18337",0
"X18409",0
"X18471",0.0109647058823529
"X18483",0.00363636363636364
"X18568",0
"X18639",0.00836842105263158
"X18708",0
"X18710",0.00356862745098039
"X18720",0
"X18741",0
"X18747",0
"X18751",0
"X18758",0
"X18940",0.0372209150326797
"X18950",0.0230433536985261
"X18964",0
"X18967",0
"X18974",0
"X19081",0.0401049736315694
"X19094",0.0438058241771277
"X19103",0
"X19104",0.0186923076923077
"X19147",0.188442598202508
"X19158",0
"X19170",0.0158333333333333
"X19175",0.00940306513409962
"X19204",0
"X19245",0
"X19251",0.0126666666666667
"X19284",0
"X19322",0
"X19358",0
"X19378",0.0838822408747554
"X19382",0.0914157636738906
"X19416",0.00363636363636364
"X19429",0
"X19433",0.027075
"X19440",0.00710526315789474
"X19452",0
"X19465",0.0038
"X19512",0
"X19531",0.0127636363636364
"X19549",0
"X19550",0
"X19555",0.0244028571428571
"X19558",0.130947138797766
"X19564",0.0032
"X19699",0
"X19834",0.0424614574634948
"X19875",0
"X19891",0.002
"X19905",0
"X19950",0.201606466353589
"X19953",0
"X19970",0.0237798941798942
"X20001",0.003
"X20017",0
"X20040",0
"X20067",0
"X20178",0
"X20225",0.0536038095238095
"X20231",0
"X20244",0.0150890756302521
"X20277",0
"X20281",0
"X20289",0.00366666666666667
"X20308",0.0824309742239984
"X20313",0.0258118022328549
"X20356",0.0274066574059783
"X20372",0.00727272727272727
"X20400",0.00529411764705882
"X20426",0
"X20437",0.00321904761904762
"X20444",0
"X20445",0.00909458428680397
"X20464",0
"X20501",0
"X20515",0.0105
"X20560",0.00841909814323608
"X20637",0
"X20684",0
"X20699",0.0109963636363636
"X20728",0
"X20730",0.00642222222222222
"X20747",0.002
"X20784",0.00711111111111111
"X20827",0
"X20839",0
"X20863",0
"X20867",0
"X20886",0
"X20900",0.00693333333333333
"X20967",0.005
"X21014",0
"X21020",0
"X21064",0.0032
"X21078",0.00727272727272727
"X21080",0.0106909090909091
"X21096",0
"X21099",0.0149333333333333
"X21111",0
"X21167",0.0314759552042161
"X21205",0
"X21225",0.0740520085768168
"X21258",0
"X21282",0.0138878648233487
"X21304",0.0284856140350877
"X21331",0
"X21347",0
"X21362",0.0209869281045752
"X21395",0
"X21435",0
"X21438",0
"X21488",0.263214332135782
"X21518",0
"X21519",0
"X21527",0
"X21529",0
"X21532",0.0401228778467909
"X21543",0
"X21547",0.026783768115942
"X21557",0
"X21562",0.0038
"X21634",0
"X21640",0.016427807486631
"X21682",0
"X21685",0
"X21697",0
"X21722",0.0038
"X21731",0.00975
"X21735",0
"X21772",0.00266666666666667
"X21778",0
"X21785",0
"X21816",0
"X21832",0
"X21861",0.00866666666666667
"X21873",0.00466666666666667
"X21878",0.023025641025641
"X21879",0
"X21900",0.0043921568627451
"X21905",0
"X21914",0.00371428571428572
"X21919",0
"X21921",0.00685714285714286
"X21955",0.007
"X21964",0
"X21986",0.0884525990450254
"X22021",0
"X22044",0
"X22086",0.007
"X22105",0
"X22136",0.234944982654858
"X22138",0.052993265993266
"X22161",0.006
"X22218",0
"X22242",0
"X22266",0.00375
"X22278",0
"X22279",0
"X22293",0
"X22298",0
"X22323",0
"X22339",0
"X22358",0
"X22361",0
"X22394",0.0135859649122807
"X22402",0.0446252100840336
"X22404",0.00839553429027114
"X22427",0.003
"X22431",0.0038
"X22445",0.00988235294117647
"X22460",0.00378947368421053
"X22462",0
"X22466",0.01
"X22483",0
"X22486",0
"X22489",0
"X22491",0
"X22508",0
"X22528",0.0038
"X22530",0
"X22532",0.0115384615384615
"X22583",0
"X22628",0.00371428571428572
"X22632",0
"X22635",0.00333333333333333
"X22687",0.119886704511031
"X22689",0
"X22693",0
"X22772",0
"X22790",0.00525
"X22822",0.00373333333333333
"X22825",0.0134458502024291
"X22836",0.026752380952381
"X22843",0
"X22844",0
"X22868",0
"X22889",0.00369230769230769
"X22942",0.0323722222222222
"X22958",0.0032
"X22969",0.005625
"X22997",0
"X23005",0.0347807486631016
"X23035",0.0105434368530021
"X23060",0.00377777777777778
"X23062",0.0096
"X23070",0
"X23091",0.003
"X23096",0
"X23102",0.02
"X23167",0.0142308802308802
"X23190",0.0075
"X23207",0
"X23220",0.00371428571428572
"X23232",0.166127744646246
"X23233",0
"X23267",0
"X23287",0
"X23330",0
"X23355",0
"X23403",0.0207914438502674
"X23421",0
"X23452",0
"X23494",0.00375
"X23511",0.0168435483870968
"X23584",0.0343073684210526
"X23631",0.0193282051282051
"X23645",0.152751159717475
"X23658",0
"X23662",0.0130909090909091
"X23697",0
"X23715",0.337462664957772
"X23729",0.0145254901960784
"X23731",0.00991452991452992
"X23748",0
"X23791",0.00266666666666667
"X23832",0.00695
"X23866",0
"X23875",0
"X23877",0.01375
"X23883",0.0195513897866839
"X23906",0.033013781512605
"X23914",0.0134461538461538
"X23922",0
"X23943",0.00375
"X23979",0.0683040225778989
"X23984",0.022009653092006
"X23991",0
"X24006",0
"X24024",0.00376470588235294
"X24046",0
"X24060",0
"X24064",0
"X24079",0
"X24100",0
"X24150",0.0457565789473684
"X24171",0
"X24217",0
"X24236",0
"X24251",0
"X24266",0
"X24291",0.0236334336458175
"X24304",0.00872727272727273
"X24307",0
"X24334",0.0101333333333333
"X24342",0.00376470588235294
"X24355",0.0109206349206349
"X24357",0
"X24372",0
"X24388",0.0163831295410243
"X24434",0
"X24471",0.0260034491634492
"X24485",0.0216109803921569
"X24493",0
"X24519",0
"X24529",0.00376470588235294
"X24549",0.302315608683515
"X24584",0.0319648795648796
"X24603",0
"X24615",0.004
"X24642",0.0485112942784769
"X24684",0
"X24706",0.0365506775832863
"X24729",0
"X24768",0.0486472004878506
"X24777",0.00715789473684211
"X24779",0
"X24794",0.171454710975299
"X24802",0
"X24864",0
"X24893",0.0738196078431373
"X24929",0.003
"X24937",0
"X24982",0
"X25055",0.00384
"X25071",0.003
"X25084",0
"X25104",0.0321282051282051
"X25185",0.00373333333333333
"X25198",0.00385185185185185
"X25203",0.0585619961176325
"X25207",0.0116767676767677
"X25214",0
"X25245",0.482253194645211
"X25260",0.00654545454545455
"X25262",0.0298453159041394
"X25272",0
"X25285",0
"X25299",0
"X25301",0.00676923076923077
"X25354",0
"X25362",0.00723636363636364
"X25365",0
"X25429",0.0107301587301587
"X25441",0
"X25453",0
"X25458",0
"X25488",0.0032
"X25491",0.0096
"X25506",0.012
"X25514",0
"X25543",0.00355555555555556
"X25561",0
"X25578",0
"X25585",0.0130836438923395
"X25593",0.004
"X25594",0.073345825426945
"X25596",0
"X25634",0
"X25658",0.0150424908424908
"X25661",0
"X25676",0.0258001587301587
"X25718",0.0072
"X25720",0
"X25724",0.00378947368421053
"X25755",0.00363636363636364
"X25768",0.030281746031746
"X25773",0.0156386123680241
"X25804",0.00428571428571429
"X25811",0.0136747474747475
"X25820",0.00383333333333334
"X25827",0.00377777777777778
"X25836",0.002
"X25845",0.00375
"X25860",0.194097000911802
"X25864",0
"X25895",0.00375
"X25917",0.0472444444444444
"X25919",0.00376470588235294
"X25947",0
"X25968",0
"X25973",0
"X25985",0.0149112554112554
"X26006",0
"X26057",0.0503165104615082
"X26093",0
"X26113",0.00705882352941176
"X26121",0.0556864688575215
"X26153",0.0107894736842105
"X26218",0.00266666666666667
"X26230",0
"X26263",0
"X26362",0.003
"X26373",0
"X26374",0.00266666666666667
"X26406",0
"X26416",0
"X26437",0
"X26442",0
"X26471",0.356175544603439
"X26513",0
"X26569",0
"X26596",0.0227121349612275
"X26689",0.018925
"X26732",0.0168
"X26777",0
"X26792",0
"X26838",0.0189037593984962
"X26840",0.0440556102823905
"X26886",0.0084
"X27021",0
"X27027",0
"X27029",0.332798303564846
"X27072",0.0129895052473763
"X27156",0.00380952380952381
"X27183",0.0116
"X27198",0
"X27226",0
"X27238",0
"X27247",0.0258199887069452
"X27290",0
"X27307",0.0137912457912458
"X27333",0.0138285714285714
"X27386",0
"X27387",0
"X27391",0
"X27394",0
"X27430",0.0456585396755782
"X27437",0
"X27492",0
"X27594",0
"X27637",0.00366666666666667
"X27674",0
"X27715",0
"X27717",0.0181010101010101
"X27726",0.0100588235294118
"X27738",0.0251395902343271
"X27768",0
"X27843",0.0199078341013825
"X27855",0.00635897435897436
"X27883",0
"X27898",0.00355555555555556
"X27977",0
"X27985",0
"X28012",0
"X28026",0.0111346153846154
"X28060",0.003
"X28087",0.0038
"X28108",0
"X28110",0
