"","p-value"
"X95",0.768772895244531
"X105",0.928566432970776
"X106",0.885584547365718
"X140",0.817931801248087
"X174",0.0060576221631692
"X176",0.614239725628753
"X196",0.828551347942053
"X199",2.17663365650507e-77
"X212",0.253418564900679
"X241",0.886280182337151
"X264",0.862767502374477
"X265",0.898035054430564
"X267",0.663499976164923
"X279",0.877314520011128
"X285",0.84660750374668
"X286",0.900707718866846
"X289",0.793703596224846
"X324",0.685938418908874
"X329",0.866715691903659
"X330",0.708455748536743
"X344",0.886426967159665
"X365",0.456719257545985
"X417",0.777801554872527
"X436",0.488258450959312
"X448",0.828410745940078
"X463",0.89728995319248
"X465",0.00760841952888927
"X471",0.906175861662982
"X477",0.896327591427693
"X484",0.911678352236902
"X493",0.00270185259306264
"X513",0.917211403364092
"X515",0.841343541027077
"X517",0.162816462347565
"X520",0.909324520979804
"X528",0.622397884377741
"X533",0.866921563898109
"X535",0.924596607338221
"X536",3.87566630374933e-279
"X545",0.881429163097925
"X580",0.84719248705907
"X589",0.921044460925264
"X591",0.582286724443172
"X596",0.699986583613892
"X625",0.235190762691232
"X644",0.600948624437642
"X646",3.65088223755861e-28
"X654",0.878138913459213
"X663",0.00324621975188928
"X669",0.85946552503258
"X674",0.849470699347781
"X725",0.892626347107141
"X788",0.932139908221045
"X792",0.0530110703903935
"X796",9.89480847640284e-19
"X813",0.789494567732213
"X814",0.951109806504029
"X817",0.77767579566042
"X820",0.619508088085867
"X829",0.9504773830751
"X831",0.908067338849493
"X862",0.899206074387402
"X867",0.929610985674434
"X868",0.899992114051584
"X869",0.80608169148509
"X884",0.905408383196523
"X886",0.819136129319501
"X898",0.44590999791831
"X899",0.922049516280621
"X919",0.869133648386074
"X950",0.877906250053977
"X951",0.874869881330593
"X954",0.808049786084601
"X990",9.45043521058182e-13
"X995",0.830591835079385
"X997",0.876076361278042
"X1015",0.785090284336811
"X1016",0.73873273535527
"X1029",0.909529499421911
"X1045",0.746105775577246
"X1050",0.899974947445873
"X1051",0.861449695083786
"X1055",0.816750703519169
"X1070",0.1953901115983
"X1072",0.555715541130576
"X1090",0.107378361182216
"X1103",0.78331635870588
"X1114",0.72068044927978
"X1116",0.888291583518888
"X1128",0.337895490223905
"X1130",0.459167356913333
"X1134",0.872916156988934
"X1154",0.566080026953354
"X1159",0.821093490461179
"X1167",0.877564689220856
"X1186",0.71627235595492
"X1188",0.656220930135177
"X1212",0.876721911530926
"X1213",0.858342774519427
"X1221",0.904024524432963
"X1222",0.694089935584293
"X1226",0.856712803129556
"X1228",0.928070975778424
"X1237",0.735524652099589
"X1256",0.876194012879881
"X1264",0.899327797091095
"X1268",0.925140140471806
"X1269",0.544126514421014
"X1271",4.78804943968013e-15
"X1284",0.751428193251917
"X1285",0.740138893338387
"X1292",0.901610058952594
"X1298",0.756307221683266
"X1303",0.974279015254458
"X1320",0.451857567548461
"X1325",0.0463843716755766
"X1329",0.79172955167597
"X1332",0.931969201424234
"X1336",0.830795740847864
"X1348",1.18518298305119e-05
"X1349",0.73097531987391
"X1350",0.92235048224368
"X1364",0.915563179657923
"X1380",0.772686614357627
"X1386",0.911771950845589
"X1389",0.721782868242717
"X1410",0.699525238951571
"X1413",0.962803777708302
"X1415",0.803607721911535
"X1425",1.46060017769939e-165
"X1444",0.780240690495857
"X1445",0.858231202626901
"X1453",0.717804532822722
"X1475",0.897450524162309
"X1484",0.92050948286819
"X1506",0.841606639782597
"X1510",0.0117173377997106
"X1511",0.870794278354909
"X1513",3.35537608033595e-10
"X1514",0.889811293300679
"X1534",0.741255827835497
"X1557",0.854763144020113
"X1595",0.0807785921654352
"X1601",0.960153370164568
"X1607",0.447511373778568
"X1618",0.817366793069973
"X1649",0.145201355459293
"X1658",0.221147821394567
"X1694",0.595535169460381
"X1696",0.621299413869488
"X1739",0.800016834313245
"X1741",0.867367906816197
"X1774",0.449018338664663
"X1775",0.915358157586401
"X1776",0.883582359800772
"X1785",0.926549138031302
"X1800",0.787720326728194
"X1812",0.760111736763937
"X1813",0.908379761458798
"X1832",0.757227394595675
"X1836",0.112369320176056
"X1837",0.890654475156257
"X1847",0.0945864450122053
"X1862",0.718311773292596
"X1868",0.775808006791944
"X1870",0.888207737588411
"X1882",3.96155921566634e-05
"X1892",0.960111916528252
"X1893",0.902800749985234
"X1896",0.38361794410685
"X1898",0.828522580742924
"X1911",0.819128488547086
"X1921",0.907716190113907
"X1928",0.762525147231445
"X1942",0.903952273475599
"X1949",0.912706676163253
"X1951",0.85591017116481
"X1952",0.578109063271842
"X1955",0.96466107853264
"X1957",0.47384403079049
"X1959",0.695511979852044
"X1960",0.848528295496868
"X1964",0.75273049764507
"X1979",0.923420610055524
"X1991",0.904317360484448
"X2020",0.917852707393621
"X2027",0.819159229246171
"X2028",2.91713354652719e-52
"X2029",0.980738404844287
"X2035",4.14784334589876e-52
"X2078",0.832613848506205
"X2079",0.863871348186712
"X2086",0.91421196389745
"X2094",0.95747158279791
"X2095",0.828292489162237
"X2104",0.00250961874187265
"X2111",0.928550504808951
"X2116",0.77307767877164
"X2128",0.86637400030518
"X2133",0.972227649214396
"X2153",0.888136222130748
"X2154",0.921260546799913
"X2164",0.833853991645424
"X2183",0.632063373633537
"X2190",0.45846482690544
"X2194",0.89030123590504
"X2203",0.248628224624497
"X2205",0.722515250268478
"X2216",0.875214719934271
"X2222",0.724474777642662
"X2240",0.909318726639659
"X2248",0.908863798168151
"X2249",0.814298762877735
"X2257",0.681090836213838
"X2272",0.491055042671705
"X2273",0.452785694466653
"X2288",0.970427481743572
"X2291",0.931275133389978
"X2294",1.21142372080557e-134
"X2304",0.885925866962167
"X2306",0.924629684208323
"X2310",0.858691860029011
"X2322",0.913853909743234
"X2328",0.960022175674293
"X2331",0.928516600695679
"X2332",3.17326210205809e-131
"X2335",0.917645735860866
"X2339",0.858411210594616
"X2351",0.385886285985216
"X2365",0.895832153219387
"X2370",0.57633061662548
"X2371",1.91927750262166e-84
"X2374",0.936188997747797
"X2383",0.954564582547769
"X2393",0.35294594585955
"X2398",0.644860933375295
"X2403",0.836003388274209
"X2404",0.935345932919053
"X2411",0.777810324479971
"X2420",0.868628397490289
"X2427",0.470932282901313
"X2458",0.902879553325786
"X2470",1.98079812160109e-20
"X2474",0.873726765873662
"X2500",0.797782144759799
"X2505",0.811848883551563
"X2510",0.752744144113096
"X2519",0.816160533098804
"X2520",1.10561342268984e-28
"X2523",0.00422598394872999
"X2529",0.863928228706404
"X2532",6.53172606499633e-96
"X2546",0.938627311877254
"X2547",0.878031445168817
"X2554",3.55860832977666e-29
"X2578",0.448387262878217
"X2586",0.0582099699758428
"X2604",0.955922198690635
"X2611",0.571391096888094
"X2616",0.870836251709769
"X2622",5.94500915476154e-11
"X2627",0.82512999154783
"X2646",0.978531442480081
"X2650",0.622817446975591
"X2652",0.814307646604916
"X2654",0.36122746288031
"X2668",5.36953592988817e-19
"X2670",0.0120435391723061
"X2671",0.838739171045112
"X2704",0.951541732740174
"X2713",0.834954696158692
"X2716",6.01003067198683e-133
"X2731",0.852157033173136
"X2733",0.752509471682647
"X2742",0.900311386838187
"X2759",0.712995005103506
"X2763",0.835409059932034
"X2765",0.760769849316295
"X2769",0.902079925273204
"X2777",1.33352589280278e-05
"X2781",0.861954058119368
"X2785",0.688551786799463
"X2790",0.876459747046898
"X2793",3.00994853654021e-05
"X2813",0.932987814302612
"X2819",0.916796813437402
"X2821",0.940541071186234
"X2831",0.860709741404916
"X2836",0.71692229618441
"X2844",0.95549800175135
"X2848",0.770752171071874
"X2851",0.842097892572065
"X2852",0.909984135374085
"X2863",0.647574604501049
"X2867",0.742048594804672
"X2871",0.579312125075753
"X2875",0.888994320186272
"X2882",5.87934266032979e-27
"X2899",0.879681860685497
"X2903",0.759574395367192
"X2904",0.956725747679745
"X2907",0.929974958544759
"X2908",9.01036703370086e-05
"X2910",0.931081689319246
"X2921",0.854410874403512
"X2927",0.865587599269146
"X2928",0.902455355684098
"X2937",0.90853318173383
"X2941",0.892363391732527
"X2945",0.758276704256069
"X2948",0.877112561713622
"X2971",0.00506070237618221
"X2977",0.907693714968079
"X3009",0.926768970161912
"X3014",0.813717607033842
"X3015",0.924030563439261
"X3017",0.938615510177436
"X3037",0.869303556965846
"X3044",0.921778759752692
"X3050",0.883568940509891
"X3052",0.849594330256706
"X3055",0.799397252146036
"X3067",0.89715758580603
"X3074",4.09911326891206e-21
"X3089",0.8898157146998
"X3094",0.899722156833285
"X3096",5.6457679230648e-49
"X3097",0.660908796069005
"X3101",0.93839929507531
"X3106",0.74145611165034
"X3116",0.899775632084613
"X3129",0.884560437592694
"X3130",4.10498957954352e-90
"X3132",0.67367433550542
"X3136",0.314152695948015
"X3170",1.55167889634393e-64
"X3178",0.744606239583989
"X3184",0.834417183086575
"X3185",0.763212367809029
"X3198",0.825342166256169
"X3222",0.897615191891047
"X3227",0.744078127683977
"X3232",0.900872035205881
"X3243",0.833981485401916
"X3248",0.850200102848277
"X3257",0.000300434384464138
"X3259",0.897192825379225
"X3266",0.819440666554757
"X3269",0.252600391347395
"X3280",0.819841097476272
"X3294",0.661497451020213
"X3309",0.931372424425036
"X3313",0.548948789896302
"X3349",0.840856435712301
"X3356",0.867363576786243
"X3364",0.41168896682512
"X3391",0.0727542008948351
"X3398",0.785322164090537
"X3427",0.928839236652748
"X3430",0.887040385516164
"X3439",0.769136867873441
"X3442",0.676301614501662
"X3448",0.736935141883543
"X3472",0
"X3483",0.909396106197973
"X3487",0.370977891685767
"X3494",0.530205819372389
"X3495",0.361899701533333
"X3508",0.92965324981257
"X3529",0.909110107968812
"X3533",0.00554963505868762
"X3537",0.946927824793102
"X3544",0.593563508865653
"X3547",0.841217501763634
"X3552",0.821398206746807
"X3561",0.860481619300562
"X3580",0.932935029172359
"X3590",0.943739927558733
"X3594",0.891224749506876
"X3614",0.827122378283146
"X3615",0.82286082671066
"X3620",5.53787509791756e-06
"X3621",0.460898012520903
"X3680",7.89444726999043e-05
"X3682",0.849750385854603
"X3690",0.810858678482884
"X3697",0.801932250189094
"X3698",0.758229398453474
"X3701",9.55936256987785e-70
"X3725",0.877162654381228
"X3732",0.901228964816287
"X3733",0.7361905993168
"X3749",0.860985589285039
"X3752",0.903707378276119
"X3753",0.816615806267356
"X3757",0.86158379483419
"X3760",1.7451283774828e-75
"X3778",0.844232069222407
"X3780",2.33552208110511e-258
"X3784",0.846726981682091
"X3788",6.00334595780916e-17
"X3791",4.72189871949639e-38
"X3797",0.851138601712576
"X3821",0.0172705894493994
"X3838",0.839674807231769
"X3840",1.94602352496947e-05
"X3854",0.744300020902502
"X3865",0.811765438470396
"X3874",0.946043271333117
"X3880",0.000600998740388941
"X3881",1.46136412288795e-22
"X3888",0.766066216414948
"X3892",0.892794032303616
"X3894",0.0379270644776993
"X3920",0.769397661578521
"X3928",0.890155801140999
"X3947",0.87704166643552
"X3962",0.839362080611385
"X3971",0.709640420529333
"X3982",0.808863247867389
"X3983",0.382849735426202
"X3985",3.44389741520708e-18
"X3987",0.821130920868691
"X3988",0.862319769591513
"X3995",0.378719770076445
"X4004",0.858746808016007
"X4036",0.909850336025258
"X4059",0.893127862672742
"X4062",0.160310084431277
"X4063",0.742394616212182
"X4064",0.832836362143979
"X4072",0.837215876766028
"X4074",0.960453534253214
"X4075",0.857147210495006
"X4080",0.936775991578429
"X4084",0.889197239982876
"X4107",0.704513210953551
"X4109",0.781084293770406
"X4110",0.869561336721405
"X4119",0.0840318185476688
"X4120",0.484926681808483
"X4142",0.949526242964037
"X4158",0.862782405726928
"X4163",0.726099908932275
"X4168",0.00814878557056738
"X4169",0.741423424884192
"X4174",0.881709102199427
"X4184",5.00447421904313e-29
"X4192",0.928575447609313
"X4197",0.893618246056276
"X4203",0.892138268860372
"X4208",0.920984337854195
"X4221",0.823273842442669
"X4233",0.908474353463532
"X4238",0.0702516055816491
"X4243",0.901667096941017
"X4246",0.872554183623862
"X4249",0.771490817042914
"X4255",0.818506022839626
"X4262",0.846426992781753
"X4271",1.18994821566586e-06
"X4284",7.81670875122354e-05
"X4298",0.885290459527245
"X4304",0.786962143874683
"X4317",0.786725686968053
"X4318",0.894639720997274
"X4322",0.952515783735874
"X4323",0.636694548187515
"X4326",0.747348056058778
"X4331",0.903778051825324
"X4344",0.918736553819159
"X4354",0.877974041437978
"X4357",0.887247899423977
"X4375",0.86609061181129
"X4377",0.737484240483638
"X4397",0.719741868189065
"X4399",0.9568189181419
"X4415",0.798716938369388
"X4418",0.935458782243685
"X4419",0.0153601781202825
"X4420",0.0966694439936974
"X4421",0.0181592934956946
"X4424",6.41347151948103e-08
"X4458",0.951185754018964
"X4460",0.956852097262082
"X4474",0.00344157919859778
"X4475",1.00032934029223e-53
"X4476",0.912430895204235
"X4499",0.712586963176691
"X4503",0.802110099607759
"X4512",0.804867220611366
"X4516",0.384748505035634
"X4517",1.20166206276576e-05
"X4547",0.81978005029443
"X4574",0.926602034218995
"X4585",0.876150677250526
"X4588",0.707898710247071
"X4596",0.864177002613159
"X4600",0.829593580197865
"X4606",0.835966440091518
"X4607",0.860708086653254
"X4612",5.59634244479365e-12
"X4616",0.86321430547394
"X4618",0.783086093640928
"X4619",0.888121145796992
"X4623",0.883794030421914
"X4626",0.82485250850908
"X4632",0.391490809817831
"X4634",0.774858869388073
"X4648",0.886711272368455
"X4654",0.911190563897101
"X4690",4.69032233844156e-12
"X4705",0.859553688402765
"X4712",0.267381293465301
"X4713",0.900785447519497
"X4724",7.25839880494088e-05
"X4725",0.658353421848257
"X4727",0.78789078675275
"X4766",0.839096004222733
"X4782",0.642084262030158
"X4792",0.954992560794648
"X4802",0.791390972028365
"X4814",0.834855220961723
"X4826",0.862165070137229
"X4828",0.956500044279649
"X4831",0.950457240656498
"X4840",0.584662845739122
"X4856",0.961040819047268
"X4858",0.236065839393557
"X4860",0.791533448501568
"X4865",0.890128089856518
"X4871",0.852001341100107
"X4874",0.86712353853848
"X4881",0.690573499164894
"X4884",0.800561173712728
"X4909",0.801784324959241
"X4912",0.0041841625473016
"X4916",0.787728335952627
"X4921",0.808563265602427
"X4927",0.955084505629357
"X4938",0.80042757774197
"X4944",0.00011295502202494
"X4950",0.711835295097145
"X4956",0.90697680729388
"X4969",0.874832604023562
"X4986",0.757141144270456
"X5008",0.821969108793404
"X5017",0.701244820505035
"X5031",0.853162301979349
"X5032",1.28615070123229e-47
"X5048",0.722421283180639
"X5057",0.841732102726156
"X5059",0.696985112645472
"X5083",0.923804276472855
"X5094",0.937540901544
"X5095",0.758361569262434
"X5097",0.410096161468658
"X5098",0.846133751189611
"X5100",0.809254176941124
"X5104",1.42577041167672e-10
"X5124",6.6087369370046e-06
"X5133",0.611322216365909
"X5141",4.65167374928463e-87
"X5143",0.929759968504498
"X5152",0.884714190119325
"X5197",5.21235550265706e-22
"X5213",0.00627587954271865
"X5219",0.653941445152473
"X5221",0.767331837551986
"X5245",0.871708963781212
"X5249",0.697313385182907
"X5253",0.818139717179167
"X5255",0.581381203896873
"X5260",5.29984098325615e-68
"X5273",0.809604422428921
"X5299",3.93916127597929e-08
"X5301",8.58630278944995e-62
"X5304",0.9189852333262
"X5308",0.877029007702114
"X5312",0.873360983498204
"X5320",0.00847851321760913
"X5359",0.915584594411816
"X5369",0.812245009966649
"X5370",0.894613310833569
"X5371",0.389762300260606
"X5372",0.460324730235343
"X5374",2.5939044711783e-111
"X5378",0.819750119652725
"X5384",0.820303270208933
"X5395",0.854169597904246
"X5412",0.917015641054814
"X5421",0.902724358897876
"X5427",0.396566357355623
"X5432",0.852207622631544
"X5441",0.933787217417444
"X5451",0.508758997633227
"X5466",0.653611192371947
"X5473",0.92586138468677
"X5475",0.67761198520624
"X5480",0.69155863079891
"X5481",0.904562806453016
"X5482",0.772789760018471
"X5492",0.940055593478078
"X5493",0.805755420744858
"X5496",0.919991919822529
"X5498",0.961508622542462
"X5509",0.84458938257218
"X5518",0.959657717975634
"X5529",3.28623629884125e-93
"X5576",0.192364340740533
"X5578",0.481826981568142
"X5581",0.893570099917549
"X5583",0.715737981133274
"X5585",0.945257028737975
"X5593",0.963365214865299
"X5597",0.8257025978771
"X5600",0.887352949034326
"X5603",1.84156721019237e-44
"X5636",0.215346915318402
"X5641",0.905285647381673
"X5668",0.650905991240872
"X5687",0.889218723839603
"X5693",0.856117211192594
"X5694",0.0543763944791073
"X5695",0.000174318328319083
"X5714",0.901997317677383
"X5716",0.722140117584753
"X5717",0.339878243796121
"X5722",0.874985969637991
"X5723",0.848687136519292
"X5726",0.271051955090024
"X5727",0.823293879376976
"X5730",0.512608217396442
"X5732",0.855766014527044
"X5741",0.819610401164049
"X5770",0.770078568900497
"X5772",4.39094572089986e-12
"X5783",0.876884659952797
"X5792",0.886011010128968
"X5797",0.912031192254855
"X5800",0.82956717048962
"X5805",0.496603335968991
"X5814",0.847410928154415
"X5835",0.805388581680562
"X5852",0.253325746712966
"X5859",0.823733680144305
"X5862",0.927538238565697
"X5867",0.702359354819817
"X5869",0.878259538062073
"X5882",0.767286543565077
"X5883",0.908475013577532
"X5885",0.86940213532814
"X5895",0.000307530223624833
"X5912",0.883050486577044
"X5919",7.5195371264405e-21
"X5931",0.000167970616841193
"X5932",0.866361329331049
"X5970",0.91664092138533
"X5971",0.971295045159053
"X5972",0.913341033870518
"X5973",0.88890388628824
"X6003",0.826322112603272
"X6014",0.368542349877546
"X6019",0.784166324701778
"X6029",3.04415224960675e-91
"X6030",0.806514722209241
"X6052",7.07828971022513e-228
"X6065",0.702102612359063
"X6066",0.907569505952276
"X6067",0.834825052262558
"X6083",1.42888866058016e-10
"X6110",0.915696239926927
"X6111",0.803167112373763
"X6119",7.06881739154903e-13
"X6136",0.877508270425805
"X6139",0.739688190841855
"X6140",0.888925804345567
"X6143",0.898773196875349
"X6144",0.835048065686574
"X6171",0.8999550385814
"X6190",0.796250999569911
"X6195",0.84279490668316
"X6197",0.887206554065789
"X6200",0.968034021367817
"X6201",0.962957996538413
"X6217",0.136148121545017
"X6224",0.714213056901796
"X6239",0.857480564642358
"X6242",0.899274356314424
"X6249",0.835586560584976
"X6250",5.6438664249605e-05
"X6259",0.851742959669908
"X6260",0.929136961694736
"X6265",0.88532665492662
"X6266",0.839673438673537
"X6273",0.845904785635613
"X6283",0.715868941258809
"X6286",0.906704763894514
"X6288",0.835390840262697
"X6296",0.770907895952578
"X6305",0.793792581801103
"X6325",0.763414169858267
"X6328",0.886650640557975
"X6336",0.807038675545832
"X6349",0.74725565484133
"X6351",1.52196566605106e-94
"X6365",0.957416672363305
"X6373",0.907050882095867
"X6382",0.586637101206942
"X6389",0.867973941713788
"X6390",0.609154506868752
"X6394",0.673266220877389
"X6395",0.94278274141012
"X6403",0.863167322334301
"X6404",0.952930324848677
"X6439",0.106033931217648
"X6441",4.8905129854722e-10
"X6451",0.907596066271679
"X6452",0.923144345064988
"X6476",0.78380511103445
"X6486",0.832886202148153
"X6492",0.780559173698398
"X6493",0.923626048573622
"X6495",0.833946311176242
"X6508",0.00659915420478823
"X6509",0.892445172427619
"X6510",0.926742139952224
"X6512",0.671036352761182
"X6514",0.574744969001037
"X6523",0.904044635107116
"X6524",0.87657851838764
"X6533",0.908000327691636
"X6564",0.892654962111548
"X6579",0.874815607748512
"X6580",0.634771600135341
"X6583",0.857488755363116
"X6611",0.6548127125379
"X6614",0.788832561627
"X6626",0.0513615507743606
"X6658",0.665955297114254
"X6660",0.490108508150546
"X6664",0.967889048465688
"X6680",0.900566494842573
"X6707",0.749202258260821
"X6713",0.759915516684792
"X6716",0.786710811683458
"X6720",0.721527075115177
"X6725",0.726890309245749
"X6755",0.938836384415843
"X6757",0.914291816575692
"X6777",0.826647268866176
"X6778",0.754042273918388
"X6805",0.886896539961142
"X6806",0.950852578836383
"X6809",0.225084742907785
"X6812",0.137202755092474
"X6815",0.828896785242778
"X6823",0.852968314406142
"X6824",0.908425199810154
"X6830",0.916302777571923
"X6878",0.779403340443277
"X6880",0.181573347681283
"X6888",0.768400659789006
"X6903",0.709224341110225
"X6907",0.90270840638404
"X6914",0.880344559816063
"X6915",0.891585548739017
"X6916",0.217344390379266
"X6917",0.866142861713944
"X6932",0.872445260112195
"X6945",0.872421081411111
"X6953",0.835428486431446
"X6954",0.724200220779477
"X6980",0.218604570148251
"X6985",0.920649767508443
"X6988",0.59651081876589
"X6989",0.840035482576165
"X7048",0.816770973660375
"X7058",0.0012756633307014
"X7067",0.856657709058946
"X7070",0.85352482125281
"X7078",0.851380214133988
"X7097",0.720656013020897
"X7101",0.616424513709947
"X7103",1.15964364004791e-16
"X7107",0.964459257741038
"X7114",0.899718509634172
"X7126",0.236844182835664
"X7129",0.793522652743674
"X7159",0.902480215939807
"X7162",0.754065781308179
"X7169",4.01861586832001e-26
"X7188",1.32758465168117e-28
"X7190",0.868785233567047
"X7191",0.838539039007858
"X7192",0.883578100759055
"X7206",0.76737210795513
"X7222",0.643954293141458
"X7282",0.920407829970982
"X7285",0.902944234914628
"X7290",0.805646815547997
"X7293",0.818343122159883
"X7298",0.890279978468316
"X7303",1.03163649223894e-15
"X7308",0.777518048820519
"X7313",0.876372079278677
"X7317",0.859243944639804
"X7334",0.807529548736696
"X7353",0.626527224944374
"X7374",0.796695008116887
"X7383",0.0789994812385589
"X7384",0.715394015119701
"X7385",0.871266858110416
"X7391",0.707094140061073
"X7395",0.913807797805244
"X7403",0.921134928879413
"X7407",1.76333767393999e-53
"X7423",2.75468678451774e-16
"X7442",0.894356877880957
"X7443",0.922394108582794
"X7452",0.880961504180564
"X7473",4.75910488545799e-65
"X7482",0.953124492920408
"X7490",0.874529070329869
"X7505",0.924124895201866
"X7543",0.753727882035686
"X7566",0.888545183816279
"X7573",0.911512663492972
"X7588",0.633685705351213
"X7600",0.736732624761239
"X7603",0.349318198522748
"X7604",0.877520981288469
"X7627",0.501070753807012
"X7631",0.93780785863918
"X7677",0.827233673410526
"X7696",0.732535152274208
"X7712",0.80994330709806
"X7725",0.884165323772544
"X7730",0.932731796814683
"X7738",0.813929810570543
"X7759",0.943869553731363
"X7771",7.18675543199673e-07
"X7775",0.00016002956098243
"X7795",0.802378832955872
"X7802",0.891273173242661
"X7807",0.823604454896074
"X7818",0.800492569952339
"X7829",0.914352890709367
"X7830",0.881521256057994
"X7831",0.867703485750731
"X7835",0.156635095303435
"X7836",9.22350147537888e-17
"X7843",0.433277337096812
"X7878",0.896872892070374
"X7881",0.704184605487406
"X7882",0.858258422248671
"X7883",0.499203943448937
"X7897",0.774818834106207
"X7906",0.650747560366786
"X7912",0.724419822280693
"X7914",0.88781246862567
"X7917",0.000755835944314913
"X7921",6.57248414218939e-45
"X7938",0.807128326446796
"X7939",0.944294967725041
"X7955",0.906922387974408
"X7961",0.322011545038736
"X7962",0.850715341796536
"X7967",0.918011543572404
"X7986",0.8974957815726
"X7994",0.833098280281171
"X8003",0.891093410068717
"X8010",0.758719877153362
"X8011",0.857613652993046
"X8014",0.179552667828824
"X8015",0.917252232645042
"X8016",0.848034106409979
"X8047",0.860863146079344
"X8065",0.790953483669954
"X8067",0.866935391983837
"X8072",0.879656114882026
"X8073",1.6616365481201e-27
"X8080",0.83490046432403
"X8087",0.014151013479764
"X8107",0.845122113444054
"X8113",0.771471401531883
"X8114",0.816093002413387
"X8127",0.745388287031879
"X8134",0.74881129999622
"X8149",0.806841493317024
"X8152",0.944480774817429
"X8154",0.851145669130712
"X8160",0.854881343653906
"X8177",0.860376171693373
"X8185",0.8833372368079
"X8186",0.937530097934636
"X8192",0.86252370719235
"X8213",0.842522520254023
"X8230",0.337686702606849
"X8233",0.526410240702943
"X8253",0.839070991200185
"X8275",0.801988398828947
"X8276",0.824111678984286
"X8294",0.64520513828225
"X8295",0.887035281151647
"X8298",1.34673418393182e-12
"X8341",0.890115238877565
"X8362",0.858595358986162
"X8363",0.806503779173157
"X8370",0.800403339216418
"X8401",0.897396506867949
"X8403",0.859494154936801
"X8405",0.853368784743129
"X8411",0.871669228523093
"X8413",0.067357366297757
"X8416",0.934076765665662
"X8417",0.877695445918209
"X8418",0.954552050248875
"X8435",0.880646408840345
"X8443",0.761417933672387
"X8450",0.78821573170061
"X8517",0.820138606702485
"X8523",0.864993040643744
"X8529",0.926050721160904
"X8534",0.894334805254092
"X8539",0.705562873848833
"X8542",0.801173832856069
"X8562",0.878422165910079
"X8569",0.778254257711103
"X8572",0.579729441683791
"X8574",0.866731662974851
"X8603",0.898226756072382
"X8616",0.947700325992554
"X8636",0.749919303577228
"X8640",0.946881666091134
"X8675",8.91632608617729e-231
"X8715",0.78203028061692
"X8719",0.918797840756123
"X8726",0.893745687479227
"X8729",0.82818828681206
"X8732",0.858848160065606
"X8735",0.293397301064707
"X8752",0.790750439126143
"X8755",0.943118985007753
"X8756",0.901791088721966
"X8816",0.90367532987095
"X8822",0.257240484953072
"X8823",0.689714917111323
"X8826",0.366869038764696
"X8835",1.57730031686799e-18
"X8842",0.827986653259971
"X8852",0.157128051634218
"X8856",0.866039214311913
"X8865",0.920780755973762
"X8866",0.414129493262533
"X8894",0.00517844987172168
"X8904",0.564380885816842
"X8905",0.929458160039783
"X8936",0.85154874908194
"X8952",1.09236078550361e-09
"X8964",0.937015353466288
"X8980",0.259921983977381
"X8995",0.71325094509793
"X9005",0.743149796513246
"X9047",0.848454860309995
"X9049",0.83835486155127
"X9050",0.608642898817608
"X9060",0.812720636656286
"X9061",0.271613343669684
"X9064",5.14454469758033e-26
"X9072",0.876361045349511
"X9074",0.875165663323016
"X9079",0.768556423126098
"X9085",0.682807454492808
"X9096",0.630258913721528
"X9155",0.437719868593124
"X9156",0.801007538736693
"X9157",4.37251213990334e-180
"X9163",0.00138182029399609
"X9174",0.411615099038658
"X9179",0.475087077884426
"X9180",0.525708983027418
"X9184",0.845447155845533
"X9192",0.675753227254535
"X9196",0.923136751627575
"X9204",0.914195449370293
"X9221",0.109024865953824
"X9227",0.887845395909687
"X9233",0.713720665514635
"X9240",0.828108628115254
"X9248",0.000874474896259214
"X9256",5.18100747339353e-123
"X9277",0.788033946515396
"X9279",0.850837997386781
"X9284",0.886095949131594
"X9290",0.83530002180867
"X9295",0.929613401593918
"X9306",0.812853419562296
"X9307",0.23990184157881
"X9308",0.862502320515394
"X9319",0.639376738819362
"X9321",2.07422677655884e-16
"X9329",0.754176850744158
"X9339",0.915919582506137
"X9347",0.731996410949755
"X9383",0.799547126763827
"X9394",0.821733309626527
"X9396",0.811462433667554
"X9403",0.871662893565778
"X9409",0.943388005691764
"X9428",0.950073567702408
"X9429",0.871004983735782
"X9432",0.898368413914567
"X9451",0.868433599775737
"X9453",0.814580474063242
"X9488",0.634541865471718
"X9489",0.408462993538091
"X9494",0.844626166041391
"X9535",0.797002030130467
"X9545",0.949410512723631
"X9552",0.888271284420568
"X9562",0.783648849989908
"X9563",0.929469395985343
"X9565",0.935758327132968
"X9590",0.921980815800828
"X9592",0.509224427937959
"X9598",0.391230598137066
"X9605",0.849168574826653
"X9607",0.0598012816620805
"X9612",0.869776398887083
"X9616",0.925356860608153
"X9625",0.909144040339467
"X9626",0.895632477177166
"X9658",0.907964313131399
"X9669",0.711452062203443
"X9678",0.884101760171832
"X9679",0.902577567389384
"X9680",0.910225122909181
"X9705",0.737176725760107
"X9707",0.946586927541874
"X9711",0.071073649187308
"X9733",0.937406242209336
"X9734",0.13435814851122
"X9737",0.93541551811207
"X9753",0.876790961585282
"X9756",0.827928962250839
"X9789",0.420929951063517
"X9809",0.944506541261674
"X9816",0.717875732678881
"X9859",0.0759547561635818
"X9889",0.783628424084016
"X9896",0.820514700187559
"X9902",0.872194361929006
"X9905",0.816215789014206
"X9921",0.821792026825448
"X9922",0.95549382659055
"X9925",0.846730257597918
"X9927",0.83716376207079
"X9928",0.686885110208319
"X9943",0.790145777477331
"X9963",0.802050113116874
"X9987",0.889724549958735
"X9988",0.736783548117911
"X9991",0.840358406653624
"X9998",0.676670101772531
"X10001",0.628606155913531
"X10002",0.895840978724986
"X10007",0.883016182618943
"X10012",0.883240901631127
"X10014",0.338364419969683
"X10021",0.826528690004605
"X10025",0.779374854732944
"X10039",0.895200185323328
"X10041",8.25874257413218e-14
"X10085",0.803607829332322
"X10101",0.902590178776528
"X10116",0.296721405601007
"X10121",0.926944754868989
"X10124",0.772494447156297
"X10125",0.519940760734716
"X10131",0.90316696481995
"X10138",0.856608300671256
"X10140",0.87544166300766
"X10145",0.895439210352475
"X10146",0.884837948582594
"X10148",0.899086633026077
"X10194",0.837415476070728
"X10204",0.937657417525275
"X10216",0.766820860640854
"X10233",0.803001627804869
"X10234",0.898203004681532
"X10238",0.421263974853971
"X10264",0.000696947870615635
"X10287",0.868220812633125
"X10301",0.716198872125969
"X10302",0.871273402305779
"X10308",0.758081222083296
"X10313",0.772074067059182
"X10326",0.830348716545454
"X10327",0.842580450234096
"X10334",0.860435080025318
"X10337",0.89639440337025
"X10343",0.823604586154013
"X10350",0.837445696236488
"X10361",0.883965389442415
"X10378",4.00479652628188e-18
"X10397",0.845442755023269
"X10399",0.441725075731567
"X10409",0.934086109981315
"X10426",0.935663992204595
"X10432",0.889113006852279
"X10435",8.21457941558405e-180
"X10452",0.897498288687306
"X10456",0.925264799360674
"X10459",0.792944145375421
"X10461",3.0380776782978e-194
"X10494",0.81818514034277
"X10526",0.908218134730376
"X10535",0.911647399731437
"X10539",0.895997344580159
"X10541",0.652083093132802
"X10542",0.757695089224048
"X10556",0.844717107195229
"X10563",0.897204491822449
"X10566",0.867645380345089
"X10608",2.78622730811971e-26
"X10615",0.802070069031935
"X10616",0.822649213742953
"X10617",0.924429594433882
"X10619",0.841753044772761
"X10633",0.861733285858766
"X10640",0.917531247991342
"X10641",5.33937897207003e-43
"X10646",0.859514586489978
"X10650",0.879873052036725
"X10653",0.298608345984393
"X10676",0.908340944875119
"X10677",0.862861016293213
"X10703",0.921255249845796
"X10712",0.787685715873972
"X10716",0.917251311078698
"X10720",0.880967218009383
"X10734",0.793956878321482
"X10740",0.864745826467651
"X10745",0.247602587657007
"X10747",0.462902919080987
"X10761",0.568145713258319
"X10773",0.886831091995768
"X10799",0.911597132824655
"X10800",0.64339494741066
"X10810",0.932499344460509
"X10813",0.909466599443255
"X10817",0.844164371347495
"X10822",0.707415547704287
"X10824",0.876600226753261
"X10826",0.92166340457534
"X10830",0.342831504212904
"X10847",0.813667322862916
"X10866",0.733566665173457
"X10896",0.0241863891933771
"X10912",0.194717788479628
"X10917",0.745492331659386
"X10922",1.49366922390278e-305
"X10926",0.700713558462661
"X10930",0.0173268339288664
"X10931",0.856993976678143
"X10937",0.732540893722084
"X10942",0.479089475488318
"X10944",1.10267444991195e-35
"X10959",0.673797662596294
"X10999",0.420449131386506
"X11021",0.750042360994794
"X11031",6.01356069378867e-21
"X11035",0.848724428240357
"X11040",0.945004489711318
"X11074",0.930275567380792
"X11077",0.92439490655764
"X11110",0.965948931068978
"X11119",0.911684048362393
"X11140",3.96329236548094e-05
"X11142",0.648001222577809
"X11169",0.895476899481019
"X11173",0.950880389949001
"X11186",0.769163585971917
"X11188",0.772686356145291
"X11190",0.963072414446759
"X11212",0.819041663505389
"X11225",0.868238148061505
"X11230",0.956065336178746
"X11258",0.924287303488285
"X11259",0.000205049057529053
"X11282",0.867510276142859
"X11298",0.745911478349927
"X11331",0.897717203981626
"X11334",0.629316409862062
"X11342",0.682741756405521
"X11378",0.841252515683256
"X11383",0.155939752239467
"X11384",0.0855600350620229
"X11392",0.791872968237402
"X11395",0.000789209089687311
"X11397",0.487103142799994
"X11399",0.896316063502386
"X11401",0.958929449171341
"X11406",0.801602862166396
"X11411",0.00102913136955805
"X11433",0.933901071009298
"X11452",0.868028809668921
"X11490",0.346801413185174
"X11491",0.000883013051640224
"X11492",0.675665899648006
"X11493",0.892625483423367
"X11494",0.875117283984792
"X11501",0.787027231616026
"X11503",0.832572899109908
"X11505",0.805128528016051
"X11545",0.92463006650822
"X11553",0.84480734643371
"X11566",0.885064664465733
"X11567",0.779375786233592
"X11574",0.71974703093395
"X11581",0.649772417947281
"X11584",0.921273538393662
"X11587",0.884815435551645
"X11591",0.750928639857103
"X11592",0.925234104417714
"X11594",0.725722904859321
"X11600",0.939264387376557
"X11616",0.926563267496143
"X11644",0.121157599270066
"X11647",0.941341876128794
"X11648",0.834615116066734
"X11660",0.910994529974874
"X11661",0.875641485288152
"X11666",0.750165294708886
"X11668",0.457445996684413
"X11679",0.964563621280908
"X11703",0.807592612623832
"X11709",0.85600405725576
"X11712",0.562833401543426
"X11726",0.768033883984734
"X11758",0.857673412799275
"X11783",0.0355476462562988
"X11796",0.745841051917079
"X11812",0.546013068045544
"X11814",0.846252504390831
"X11817",0.955556120266439
"X11821",0.852933346271766
"X11827",0.672948656357821
"X11873",0.909287046417529
"X11880",0.780770919825418
"X11895",0.153233243702701
"X11896",0.958700305317953
"X11897",0.902175095195665
"X11899",0.358842154345558
"X11900",0.867123316021124
"X11904",0.915876947426742
"X11906",0.913538242253952
"X11911",0.891508249830175
"X11927",0.920124165365853
"X11954",0.883295712274729
"X11962",0.871932518491852
"X11970",0.827648399049125
"X11981",0.772597867534132
"X11983",0.933937317581001
"X11998",2.93891003016282e-06
"X12002",0.708631444523065
"X12007",0.823007498834205
"X12009",0.802143064554266
"X12012",0.869468572060709
"X12030",0.850182190521394
"X12031",0.792128672396744
"X12072",0.593774962182805
"X12075",5.92694433692255e-91
"X12082",0.874731295266261
"X12095",0.854480738537629
"X12098",0.878030163771406
"X12099",0.777654967076017
"X12172",0.918713392729092
"X12174",0.843801114006532
"X12178",0.903970985893511
"X12180",0.846459022360208
"X12224",0.602192905852396
"X12246",0.932188061975325
"X12249",0.820132600667862
"X12252",0.975107149976507
"X12257",0.895671581237848
"X12263",0.741466974977222
"X12265",0.240541863450881
"X12266",0.889803584612309
"X12270",4.06072942288252e-13
"X12274",0.901385710892245
"X12291",0.625812265683932
"X12318",0.905920534788281
"X12327",0.306112581942881
"X12336",0.903452836080968
"X12350",0.869236259140549
"X12351",0.879811506134492
"X12362",0.953545149745712
"X12381",0.700806669795018
"X12388",0.613463012815726
"X12415",0.753495996669328
"X12434",0.933845709131128
"X12441",0.739035770182276
"X12447",3.03511690100568e-51
"X12449",0.894393343723993
"X12459",0.818671983765782
"X12460",0.883763019526474
"X12492",0.850182149294295
"X12500",0.888665434288334
"X12528",0.896339065996366
"X12537",3.73320434292939e-18
"X12543",0.921971445964498
"X12597",0.703828069186275
"X12600",0.245210302032996
"X12605",1.39210187790321e-68
"X12607",0.838181342524495
"X12616",0.896155606580472
"X12618",0.914894847455795
"X12619",0.0643089217217964
"X12621",0.919244674593801
"X12622",0.351171239117042
"X12623",0.843301280507267
"X12624",9.19860825659924e-10
"X12626",0.703453165677603
"X12630",0.857859491138531
"X12636",0.905817530893136
"X12639",0.683158580451035
"X12646",0.387521740479116
"X12681",0.808598674260406
"X12704",0.861763861495381
"X12707",0.633551153480303
"X12710",2.7019200075237e-17
"X12721",0.902146061660596
"X12723",0.83428616844403
"X12726",0.683234190797885
"X12737",0.839105025159348
"X12738",0.702229017894279
"X12743",0.781555539266202
"X12766",0.817949105742616
"X12778",0.866584392327844
"X12806",0.642625495988195
"X12812",0.834972910154801
"X12821",0.653481141210765
"X12835",0.701342053311585
"X12883",0.519753111756751
"X12886",0.256394423247345
"X12887",0.935746001852971
"X12889",0.934318920058078
"X12904",0.777173138936555
"X12912",0.74741529652217
"X12914",0.548246367823673
"X12964",0.800373701142331
"X12991",0.880857336437008
"X12994",0.758254825160294
"X12997",0.749196463514517
"X13000",0.857803538213295
"X13019",3.42661060304778e-37
"X13054",0.779231471946709
"X13076",0.865931320319412
"X13078",0.881232341367025
"X13088",0.107116041617811
"X13089",0.85443949558565
"X13093",0.812633290911747
"X13100",0.412034529489476
"X13115",0.430698727820459
"X13116",0.171805285624882
"X13127",0.624715451358524
"X13161",0.788553367676611
"X13167",0.84904878317808
"X13191",0.893100405505428
"X13193",0.790854676084307
"X13222",0.727923248582688
"X13225",0.511797549252689
"X13236",0.591376606055008
"X13248",0.860192223760192
"X13253",0.63856127543112
"X13254",0.00118088859822607
"X13255",0.896008296055721
"X13257",0.891690172205325
"X13259",0.886103043500473
"X13275",0.892294879502632
"X13285",1.49130276303998e-134
"X13286",0.835929697324535
"X13294",8.62330183158879e-07
"X13337",0.955576459868086
"X13348",0.78677210805847
"X13353",0.624705706172449
"X13360",0.84621121798851
"X13361",0.866065573159331
"X13365",0.592745981758615
"X13431",0.832511197294098
"X13441",2.1136168153878e-66
"X13447",0.790065574318996
"X13449",0.496186815376308
"X13451",0.808684866772298
"X13456",0.891337096265889
"X13487",8.1718579814073e-16
"X13513",0.88424961544237
"X13520",0.871951256004229
"X13521",0.827078158008556
"X13538",0.0891950637487805
"X13545",2.22637602846878e-24
"X13577",0.902777263420757
"X13609",0.897321449985453
"X13622",0.917464114827066
"X13623",0.888893626278817
"X13626",4.00135615784248e-10
"X13664",0.776983807378455
"X13674",0.63305139719966
"X13676",0.841891771237879
"X13681",0.896458074668121
"X13704",0.867930090641448
"X13707",2.97592675042899e-08
"X13720",0.86093428688653
"X13734",0.784875746587243
"X13740",0.836330121975963
"X13744",0.813511065624643
"X13747",0.918634452852807
"X13750",0.896958766504252
"X13753",0.983071963741424
"X13757",0.85408898446224
"X13768",0.829338656979593
"X13773",0.897663136795787
"X13778",0.72692732341707
"X13797",0.870410559700597
"X13798",0.903490703929603
"X13832",0.835017901421652
"X13833",0.763484213361258
"X13868",0.71330500492031
"X13870",0.950279392623835
"X13874",3.3810946873353e-127
"X13885",0.895347029943588
"X13886",0.862215467030073
"X13899",0.825700110932391
"X13916",0.906050797157664
"X13935",0.285257004286022
"X13944",0.000339105234548925
"X13946",0.772628568680196
"X13951",0.844083777439897
"X13958",0.948824801303114
"X13959",0.907069845304896
"X13961",0.892265362033757
"X13962",0.897431989116554
"X13969",0.912724482219746
"X13970",0.84995221612794
"X13980",0.886600437224041
"X14044",0.894039498231235
"X14051",0.914183832900464
"X14057",0.794184452050531
"X14083",0.915681938627997
"X14086",0.913333337261975
"X14094",0.836446348803535
"X14101",0.705424741228864
"X14118",0.909636849595
"X14125",0.0383544190443001
"X14126",0.908309398884318
"X14127",1.96604006723607e-79
"X14146",0.876814130621062
"X14169",0.765740176269056
"X14176",0.864319998840566
"X14177",0.553790211955056
"X14184",0.921994341503725
"X14185",0.97720567161204
"X14193",0.799617739263212
"X14199",0.895356144972837
"X14212",0.899839546470893
"X14213",0.801137806778694
"X14214",0.505816490896488
"X14238",0.827865058521815
"X14241",0.977398899809646
"X14250",0.908866238652986
"X14259",0.847789461954797
"X14261",0.868368416068099
"X14263",0.928916697731354
"X14265",0.833617833784027
"X14308",0.887144272541368
"X14325",0.836283961964015
"X14379",0.78131651546571
"X14382",0.475578227734318
"X14383",0.923668539216914
"X14395",0.904903310269772
"X14397",0.823210754306394
"X14407",0.830958064716231
"X14416",0.883494727538604
"X14419",0.91650691827179
"X14442",0.66865764896267
"X14467",0.672352730109885
"X14475",0.700325811090014
"X14477",0.912178507306965
"X14482",0.869154447068953
"X14484",0.713131599381812
"X14494",0.718557365143731
"X14498",0.755529748790809
"X14501",1.99460175436511e-27
"X14508",0.00784220613277226
"X14523",0.903606306258842
"X14536",0.87076447935369
"X14546",7.0887767826547e-06
"X14547",0.789016098915722
"X14554",0.905320356058499
"X14557",0.723504499726408
"X14558",7.52240320046026e-59
"X14567",0.666192144609266
"X14571",0.895497777863475
"X14572",0.893463267015516
"X14578",0.664703268204943
"X14604",0.639240343613602
"X14618",0.906328934034789
"X14625",0.788617784626749
"X14643",0.665087743712192
"X14647",0.931133988958594
"X14654",0.865857635980016
"X14656",0.829326928807059
"X14659",0.83443596918257
"X14670",0.923246187336182
"X14709",0.870519936355317
"X14722",0.882589819994659
"X14727",0.875777284321179
"X14730",0.929599552795015
"X14736",0.919113710515334
"X14737",0.937056510942602
"X14742",8.31256431735239e-31
"X14756",0.823408314075028
"X14760",0.662679986136535
"X14767",0.945582130388534
"X14789",0.701787604596448
"X14799",0.760849373332023
"X14802",0.8233654849269
"X14805",0.907259744509851
"X14816",0.711895927965055
"X14817",0.876924853286411
"X14818",0.632644891669293
"X14881",0.765639552274144
"X14885",0.760228048494041
"X14887",8.33060512936248e-11
"X14911",0.909085851327636
"X14919",0.760107626127031
"X14928",0.292266223175664
"X14933",0.863420950243254
"X14945",0.72390316492938
"X14957",0.864908207418284
"X14959",0.774473903786282
"X14975",1.10184076623851e-19
"X15005",0.872830827585562
"X15019",0.441940311702025
"X15020",0.93266786128678
"X15022",0.875511172217594
"X15029",0.879610256084918
"X15030",0.807034845796941
"X15034",0.782856770246532
"X15059",0.724504721507079
"X15068",0.902338398391812
"X15086",0.846805362413569
"X15102",0.910519885256226
"X15114",0.951338241639572
"X15116",0.923891292727354
"X15117",0.520327624536107
"X15118",2.01122915034234e-25
"X15165",8.46390524339417e-20
"X15166",0.844924096104699
"X15176",0.866197672811818
"X15180",0.0797917006823884
"X15181",0.879767643073215
"X15184",0.90805167401216
"X15223",0.394121184550814
"X15239",1.2988312360315e-110
"X15240",6.0400539419021e-113
"X15245",0.784038231400458
"X15251",0.853676605981752
"X15256",0.925812959218646
"X15257",0.853655084085967
"X15259",0.75820435492556
"X15280",0.883952538966157
"X15300",0.955729309210869
"X15305",0.689584244976695
"X15306",0.87880922885394
"X15318",0.000107880264375878
"X15324",4.21000365824683e-25
"X15334",0.878030654529793
"X15335",0.81087171355605
"X15373",0.868985005905712
"X15376",0.929568665541668
"X15377",0.680153089192078
"X15388",0.956947544655943
"X15400",0.868153021988809
"X15428",0.782522012248226
"X15438",0.950496547081378
"X15440",0.912659479942366
"X15450",2.50212083916371e-09
"X15458",0.500740953800427
"X15466",0.752189991482415
"X15467",0.644951570111105
"X15468",0.711599357180773
"X15527",0.0101608076020781
"X15541",0.907539389502566
"X15543",0.760410483693093
"X15564",0.764766210593856
"X15567",0.797421952224598
"X15573",0.9356677358628
"X15582",0.734583706111743
"X15593",0.881061297112023
"X15602",0.664917406813074
"X15609",0.712188243843438
"X15614",0.876884451652691
"X15625",0.364457004068979
"X15638",0.732930117181656
"X15642",0.965078260278944
"X15655",0.697295876469471
"X15672",0.78524948145568
"X15677",0.937258457452032
"X15683",0.903843562372339
"X15710",0.878273781180101
"X15714",0.874247434999531
"X15718",0.900903565890287
"X15725",0.640801920979267
"X15729",0.275286835128745
"X15732",0.889652468643208
"X15733",5.60782403059402e-59
"X15740",0.796567834914746
"X15752",0.909177902618736
"X15765",0.545060217243014
"X15782",0.77523734120729
"X15788",0.794017762459134
"X15798",0.846829989305246
"X15805",0.0200426297013248
"X15809",8.6298109505954e-09
"X15810",5.96458735716042e-34
"X15816",0.905717106674753
"X15826",0.878114502054734
"X15830",0.841791690343122
"X15837",0.803903815691958
"X15852",0.628638201583651
"X15861",0.643245947424758
"X15865",0.806678203761056
"X15867",0.837432877596701
"X15872",3.2822945863076e-38
"X15883",0.852349966104853
"X15885",0.888269642746275
"X15888",0.942481145588016
"X15892",0.862907503577869
"X15893",0.788844525815495
"X15898",0.868243344867514
"X15943",0.931970820273344
"X15945",0.83986817842857
"X15949",0.687408617818639
"X15962",0.870299802804471
"X15966",0.941153344298195
"X15973",0.880322310168722
"X16005",0.952398210605135
"X16036",0.720748956686771
"X16039",0.96964152458871
"X16040",0.122560990240286
"X16041",0.852632999784576
"X16083",0.7700347172765
"X16089",0.762709592327028
"X16091",0.836589849070825
"X16107",0.925079359039602
"X16110",0.903776532353113
"X16136",0.732413398187266
"X16150",0.724683104678867
"X16155",0.83899003733198
"X16163",0.920318686478858
"X16164",0.664372759463659
"X16168",0.885474819978109
"X16169",0.854968855463298
"X16171",0.854296477530296
"X16173",0.813331526640814
"X16205",0.901939143700725
"X16212",0.910027915587532
"X16223",2.51445947040931e-40
"X16224",0.19516418019057
"X16227",0.918963335312947
"X16234",0.414736781306006
"X16292",2.86296667033581e-35
"X16293",0.939289645053914
"X16308",0.766648802706235
"X16310",0.710462714961842
"X16326",0.833580753650093
"X16347",7.2404523446869e-98
"X16354",0.611980277723528
"X16358",0.879367183215067
"X16368",0.799169365345812
"X16369",0.87144535925549
"X16370",0.934477595278531
"X16409",0.919433948589427
"X16410",0.750469410073183
"X16411",0.912021493694869
"X16423",0.790690148255997
"X16424",0.869409078141219
"X16428",1.39579423436974e-22
"X16431",0.903427245002174
"X16432",0.0416014917929413
"X16437",0.0878211052610171
"X16465",0.843617473698348
"X16489",0.891348961188964
"X16497",0.793648282664356
"X16509",0.932785226584379
"X16510",0.91205138763761
"X16521",0.524122938591805
"X16522",0.727095983196426
"X16528",1.86275072757478e-18
"X16536",0.798148851782602
"X16539",0.871866888519081
"X16569",0.712310591954934
"X16575",0.918773935166121
"X16599",0.74352256073079
"X16638",0.896583753944769
"X16643",0.701876566160903
"X16648",0.72783719718048
"X16655",0.718074671656886
"X16662",0.877734334272168
"X16667",0.712354153724202
"X16694",0.894058074558502
"X16699",0.797395309307662
"X16703",0.884382237572225
"X16713",0.600710768341877
"X16721",0.326727875550394
"X16723",0.873438843915625
"X16724",0.93827603592893
"X16731",4.4443455875926e-08
"X16734",0.32118286156525
"X16776",0.824989676380441
"X16783",0.846983164510084
"X16794",0.962722658938353
"X16797",0.780346152798557
"X16846",0.516645321319584
"X16847",0.866200621052553
"X16849",1.68210578944308e-17
"X16862",0.782687317195783
"X16865",0.209870312273652
"X16867",0.849846837855109
"X16879",0.842733879046377
"X16900",0.928494155588115
"X16904",0.865331858020032
"X16910",0.822883502880271
"X16925",0.871718532633764
"X16926",0.794695235284282
"X16950",0.864800913876703
"X16951",0.167018827105123
"X16958",0.899729332851594
"X16965",0.948121055382826
"X16972",0.928755178948376
"X16983",0.860307576246251
"X16985",0.83875868351487
"X16994",0.889711591448734
"X16995",0.924827457596533
"X16996",0.851713755893903
"X16999",0.811746240327317
"X17000",0.659743627282841
"X17032",0.87359861096056
"X17036",0.76939206074784
"X17042",0.625264758238868
"X17043",0.799035486688493
"X17049",2.37693479664484e-06
"X17058",0.841050303041242
"X17062",0.740414150338194
"X17066",0.847725379154684
"X17081",0.833812227376087
"X17113",0.000250507269823566
"X17116",6.38612061317211e-42
"X17121",0.491471588644978
"X17129",0.846942369144464
"X17139",0.894778736892819
"X17140",0.524251860068163
"X17145",0.910588964889234
"X17177",0.905440882760268
"X17181",0.835052184615078
"X17188",0.959930486569718
"X17213",0.907024684313288
"X17228",0.896225035687933
"X17232",0.864905972911893
"X17235",0.774690011654638
"X17239",0.898982261944087
"X17240",0.124091862237698
"X17264",0.853167991915984
"X17282",0.851690209711607
"X17292",0.844414953324392
"X17294",0.786789356227881
"X17311",0.931972036075858
"X17330",0.744863398863931
"X17342",0.696821747128384
"X17345",0.909880909106098
"X17349",0.841665219408797
"X17360",0.9035009000122
"X17381",0.907287145049074
"X17385",0.844275252903796
"X17403",0.975009400463281
"X17408",0.219153181201664
"X17409",0.922347364258634
"X17410",0.000114174764276893
"X17412",0.895047336896489
"X17416",0.860973319304072
"X17432",0.397329060898796
"X17457",0.904045492587948
"X17461",0.498038795023932
"X17466",2.40586682652669e-05
"X17469",0.900834632484217
"X17471",0.802630262241633
"X17512",0.884484863703906
"X17518",0.775103425035993
"X17535",0.226261385470319
"X17538",0.6803334943434
"X17539",0.858883551050038
"X17541",0.844085425497643
"X17551",0.87098437008648
"X17576",0.937222833969124
"X17641",1.56726109723436e-08
"X17681",0.835235211627328
"X17685",0.751922903005356
"X17686",0.95743293994813
"X17688",0.823335508957876
"X17691",0.879372556487407
"X17697",0.384778985487748
"X17706",0.896045541702536
"X17722",0.808766225708024
"X17723",0.624664871354476
"X17724",0.894589979372997
"X17726",0.758057738439631
"X17741",0.887842719122579
"X17745",0.824072094876805
"X17747",0.922978602592214
"X17759",0.876615989742999
"X17778",0.807326303018989
"X17785",0.834877973953558
"X17790",1.60332068860525e-38
"X17793",0.761699178501121
"X17795",0.798140320996342
"X17799",2.6082827713717e-31
"X17800",0.80473991414415
"X17805",0.439250110254315
"X17815",0.497491402709796
"X17816",0.000110557411576384
"X17829",0.894063798610233
"X17861",0.904320421581478
"X17866",0.828063780377402
"X17867",0.929843664562482
"X17868",0.777862732151271
"X17872",0.683941556489283
"X17878",0.907784248998569
"X17879",0.704935616440674
"X17885",0.827609342327843
"X17911",0.807145771750962
"X17918",0.757006767690305
"X17926",0.865547002763392
"X17941",0.779346014254249
"X17947",0.898307691747898
"X17953",0.776743557859754
"X17955",0.885186651595099
"X17972",0.936767602072886
"X17988",0.900680068720957
"X17996",0.765766139152571
"X18001",0.804324615873974
"X18015",0.889531672943251
"X18032",0.87421211988478
"X18036",1.49872603281156e-06
"X18040",0.740141217959799
"X18044",0.982522295842501
"X18051",0.905482370190476
"X18057",0.908479816641916
"X18059",3.01034946995961e-21
"X18062",5.64140627130558e-58
"X18075",0.690291975415523
"X18128",0.943174234254766
"X18129",1.89032657798888e-18
"X18161",0.910604081125117
"X18169",1.37059311446533e-16
"X18172",0.897387820804828
"X18185",0.745830571436757
"X18197",8.71954747591401e-202
"X18220",0.831488852096072
"X18230",0.900926194403941
"X18266",3.29247624718275e-08
"X18268",0.00559677694945327
"X18271",0.776527151116919
"X18335",0.931580776604429
"X18356",0.858904917031696
"X18359",0.880707186362877
"X18368",0.248649104198803
"X18369",0.729856800973318
"X18374",0.771787759206831
"X18380",0.880886874568971
"X18385",0.853749664330476
"X18386",0.732477848259573
"X18387",0.939782089547091
"X18426",0.853423673441743
"X18446",0.791703577429187
"X18447",0.909812347026727
"X18476",0.919627088029234
"X18485",0.555034762317803
"X18487",0.742911026129996
"X18495",0.953324689845103
"X18506",0.639697850746611
"X18520",0.916988305356416
"X18533",0.863351445400021
"X18543",0.908852154800439
"X18555",0.838298469069713
"X18556",0.864944973509609
"X18574",0.928660444181753
"X18603",0.838383122973997
"X18615",0.75719031249112
"X18619",0.954963774509897
"X18653",1.61248711517821e-91
"X18664",0.75629728032763
"X18667",0.830791357681527
"X18700",0.862661609584051
"X18704",0.809406804685728
"X18705",0.795411760911278
"X18709",0.897828972132161
"X18749",0.913710547934449
"X18754",0.857789714396313
"X18756",0.727023384773575
"X18757",0.799529008748158
"X18758",0.872792162108882
"X18762",4.942422619717e-50
"X18765",0.863566133171298
"X18771",0.926116195608791
"X18779",0.812950958167588
"X18802",0.668992392536481
"X18803",0.872660425951183
"X18820",0.799153300118388
"X18824",1.81646413424021e-100
"X18825",0.887391894914317
"X18828",0
"X18858",0.942155281626715
"X18871",0.911132795974188
"X18875",0.866900545212115
"X18877",0.620960495467455
"X18883",0.922665112190503
"X18890",0.301405775922354
"X18892",0.940009084448633
"X18915",0.870621101235451
"X18926",0.462394827036973
"X18930",0.860590546153222
"X18936",0.699970263654332
"X18950",0.829635617753198
"X18967",0.908908425940487
"X18972",0.837208036481582
"X18976",0.852110839882376
"X18982",0.902204239148352
"X19028",2.01959929158537e-79
"X19043",0.734867417995931
"X19044",0.932964392373841
"X19052",0.779646207560837
"X19063",0.859201598526091
"X19089",3.00095327975977e-55
"X19090",0.894437487368757
"X19091",0.808021217500311
"X19129",2.05952571775211e-08
"X19146",0.918224396267463
"X19149",0.888558139831102
"X19177",0.000891791456893208
"X19180",0.846966627731666
"X19187",0.787938228311505
"X19194",0.969794037447466
"X19220",0.924700823573813
"X19222",0.899441780716374
"X19234",0.669591678440646
"X19237",0.910251315906232
"X19238",0.926878684155131
"X19255",0.837450492844873
"X19294",0.899896080428515
"X19295",0.010928515517015
"X19297",0.116474943619921
"X19315",0.877475759912677
"X19322",0.897126144551897
"X19323",0.7769306532753
"X19328",0.866359521916611
"X19334",0.869066916097465
"X19336",0.85170997274164
"X19338",0.869450826350284
"X19345",0.903970353903191
"X19346",0.872990889544271
"X19357",0.968494520651315
"X19360",0.00199884141208988
"X19395",0.342203527701153
"X19403",0.942082324477383
"X19405",0.427442528569515
"X19406",0.843458521097833
"X19417",0.767120804764324
"X19442",0.85031194360112
"X19443",0.901386518570428
"X19447",0.795800018777949
"X19451",0.905403536739898
"X19462",0.757300732087154
"X19466",0.00156359168327138
"X19486",0.234803973577065
"X19532",0.847965094883863
"X19548",1.83234228541796e-05
"X19575",1.68560216642098e-102
"X19594",0.215638918421665
"X19596",0.739463845728687
"X19599",0.839827254428697
"X19604",0.864172105773711
"X19667",0.620590881187486
"X19682",0.00123410019087675
"X19689",0.929442656237069
"X19709",0.900245324972714
"X19713",0.861238653646526
"X19725",0.848535774423242
"X19738",0.111379293690471
"X19739",6.26189221266003e-42
"X19743",4.53439506005977e-08
"X19754",0.00161554833694252
"X19787",0.408790884079624
"X19788",0.881212302569938
"X19789",0.93505831503794
"X19801",0.907713355985531
"X19803",0.867985880324007
"X19814",4.34832462200174e-46
"X19817",0.848496197746182
"X19854",0.721691025944918
"X19886",0.577281471996601
"X19899",0.833092762065678
"X19903",0.918873931764037
"X19912",2.7442111760071e-20
"X19914",0.264976579586999
"X19934",0.906240191002765
"X19949",0.890735060505427
"X19953",0.89740158310466
"X19954",0.884180510164995
"X19980",0.9163877605939
"X20019",0.551860320028888
"X20026",0.772723798901515
"X20055",0.816629852881137
"X20077",0.920661842689948
"X20089",0.321637734765892
"X20099",0.159234181579943
"X20115",0.000220710724401788
"X20121",0.709952545748414
"X20154",0.799075588368565
"X20165",0.868194007920513
"X20195",0.620264818857283
"X20200",0.875506153330213
"X20206",0.932625032838832
"X20221",0.241764713552484
"X20223",0.868832367704586
"X20255",0.822201118120583
"X20258",0.74836420915645
"X20264",0.0258145777642994
"X20266",0.950819704963903
"X20272",0.521039795690602
"X20276",0.778253897605282
"X20296",0.779525063511598
"X20329",0.837813540262866
"X20358",0.928348006744728
"X20363",0.918430826665183
"X20368",0.757115181589975
"X20372",0.831559157460193
"X20382",0.649037695631164
"X20386",0.658351604452346
"X20393",0.837625994274165
"X20402",0.746013837076573
"X20409",2.44898983692463e-07
"X20412",0.875559484559099
"X20432",0.869485842733619
"X20433",0.744268298229277
"X20448",0.729511714767118
"X20461",0.774454856033027
"X20479",0.895861185069322
"X20493",0.643159826861215
"X20512",0.765577252401676
"X20530",0.927932589418824
"X20536",0.864249268663099
"X20557",0.986980178564319
"X20563",0.818053355968723
"X20571",0.793451208460182
"X20577",0.84411171439392
"X20578",0.717695351544213
"X20597",0.806270781972817
"X20608",0.162123320578597
"X20615",0.932561730366164
"X20631",3.87133542347931e-11
"X20633",0.917807630401637
"X20636",0.877692807760622
"X20653",0.909750387699013
"X20666",0.824906708154897
"X20689",0.939151529900089
"X20700",0.586669009747501
"X20719",0.467890840864396
"X20737",0.833061916919306
"X20789",0.638622687984047
"X20798",0.812641104115874
"X20809",0.800803549378492
"X20814",0.616260302304478
"X20848",0.000597758315800655
"X20857",0.90322617980206
"X20872",0.763841086839979
"X20887",0.837644112730673
"X20912",0.840225961671085
"X20914",0.895012611039057
"X20922",0.879940302731646
"X20928",0.899717967445697
"X20943",0.44594422589967
"X20956",0.94488743437093
"X20957",0.429269608222658
"X20980",0.872358064606285
"X20982",0.202148037874147
"X21002",0.734193284479283
"X21011",1.19395023866977e-18
"X21012",0.854057466446958
"X21023",0.000113779790546845
"X21029",0.78458873811644
"X21039",0.874713136414472
"X21043",0.674074303387768
"X21053",0.935948025273332
"X21063",0.729671376365244
"X21080",0.927981492572149
"X21095",0.860836978970653
"X21107",0.680775733517765
"X21146",0.906485642443507
"X21149",0.941550859004792
"X21168",0.850393936395193
"X21175",0.86198068064906
"X21195",0.788460132278814
"X21200",0.427252400340636
"X21242",0.744163230741605
"X21264",0.874682758052066
"X21265",0.832722764947362
"X21295",0.807035969364546
"X21296",0.620434184515147
"X21313",0.851762829456585
"X21314",0.871617311972851
"X21335",3.06760851478874e-78
"X21344",0.680807490674404
"X21356",0.823408009898975
"X21376",0.85039175857569
"X21379",0.970765286820446
"X21386",0.894452101015816
"X21407",0.670356997581816
"X21411",0.610243725785774
"X21412",0.936495017676293
"X21415",0.751227575618892
"X21416",0.940123055738235
"X21429",1.31611448751566e-12
"X21441",0.961793945438709
"X21449",0.940402270995748
"X21453",0.927853572913357
"X21491",0.86969136158478
"X21545",0.829157495418469
"X21577",0.638180479958705
"X21624",0.863680081655518
"X21662",0.779131648477769
"X21680",0.879564620554198
"X21685",0.843654405569568
"X21687",0.892680290674575
"X21719",0.858915736461077
"X21734",0.913520338748892
"X21736",0.78875660389576
"X21749",0.820337990217385
"X21750",0.846602408568797
"X21768",0.850555984269621
"X21793",0.0805175806120993
"X21814",0.831339701008376
"X21840",0.78884095497718
"X21947",0.961585575401894
"X21956",0.903166919530636
"X21970",0.629491579449156
"X21986",1.9608970719413e-112
"X21997",0.792544658971836
"X21998",0.963732816025543
"X22014",0.913307648513677
"X22080",0.873064253555198
"X22125",0.899208985052479
"X22139",0.891818988460172
"X22170",0.711713547200027
"X22193",0.827714356362655
"X22217",0.871033257239076
"X22222",0.739758442445321
"X22244",0.778260520311109
"X22286",0.546751167159576
"X22293",0.83630523087678
"X22318",0.00175317172423435
"X22321",0.863044616432883
"X22356",0.925535733033305
"X22380",0.736657582047751
"X22486",0.794993946845633
"X22490",0.635534228326605
"X22533",0.949585062674042
"X22544",0.078848174885097
"X22615",2.30294313102112e-06
"X22623",0.888650781850536
"X22638",0.847701375307279
"X22643",6.88812726584495e-31
"X22660",0.925974939653736
"X22746",0.85778120033773
"X22828",0.000168316239234919
"X22971",1.9260780738275e-07
"X22978",0.857587003254597
"X23069",0.864719372240792
"X23124",1.58999257770073e-121
"X23178",0.855894548709075
"X23193",0.866155304300738
"X23239",0.932900745671801
"X23314",0.711562123090717
"X23318",6.1756526611843e-29
"X23360",0.821450093461971
"X23381",0.859391181921095
"X23382",0.843311526033909
"X23402",0.662136375385894
"X23436",0.933710599341274
"X23541",0.845659403752051
"X23603",0.959974276784748
"X23640",0.900852488649536
"X23700",0.811389625324581
"X23734",0.746040944574894
"X23778",0.907152607497254
"X23844",0.878291503669736
"X23897",0.930612718943612
"X23933",0.758805076674228
"X23972",0.574573696105107
"X23987",0.898101162332614
"X24023",0.154605620560939
"X24060",0.847458523677179
"X24141",0.923346598871769
"X24175",0.925471444659713
"X24293",0.00645280001936389
"X24294",0.73209092905246
"X24326",0.879150361608016
"X24366",0.942182964295915
